Node Number,,,,,,,,,,,,,,,,,,,,,,,,,,,,,,,,,,,,,,,,,,,,,,,,,,,,,,,,,,,,,,,,,,,,,,,,,,,,,,,,,,,,,,,,,,,,,,,,,,,,,,,,,,,,,,,,,,,,,,,,,,,,,,,,
0,0.091910228,-0.148446724,-0.012433302,-0.073160119,-0.018500222,0.065762177,-0.044290274,-0.055558249,-0.065527491,0.038441218,-0.166236594,0.020840159,0.038030561,-0.008363277,-0.070064157,-0.01361128,0.178192198,-0.123641752,-0.065898731,0.024950601,0.132433578,0.048390016,-0.123680383,0.111152843,0.094979785,-0.027996235,-0.007976649,-0.169208482,-0.018240348,0.124132998,0.07707572,0.120960526,-0.081779785,0.07187552,0.043286249,-0.012533165,-0.138060704,0.007237135,-0.085253097,-0.001120122,-0.098118596,-0.132625997,0.08819142,-0.07907816,0.037776884,-0.024855854,-0.021334374,-0.041744646,0.082429715,-0.174025521,-0.14422074,-0.081407055,0.078560665,0.163678318,0.068907402,0.094261073,-0.085954577,0.093834572,0.125739858,-0.016084235,0.001121736,0.084046803,0.126366138,-0.041869763,-0.096236072,-0.004443764,0.103365481,-0.100716777,-0.012621989,0.028412456,-0.061163411,-0.113625161,0.080927968,0.075655565,-0.003880415,0.045378439,-0.066689149,-0.17199561,0.058157533,-0.076749377,-0.102035537,-0.0083869,-0.112300478,0.1946024,0.114819117,0.109502971,-0.060972143,0.093708195,-0.049945872,0.039365042,-0.102692574,-0.093851246,-0.146426797,-0.088669635,0.029245727,0.052405357,-0.00563383,-0.133737743,-0.00548001,0.160095543,-0.022628857,-0.062026586,0.045154836,-0.055663388,0.076145299,0.079017937,0.039299853,-0.025954138,-0.194925338,-0.00012727,0.082797393,0.157695442,0.099304236,0.07171122,-0.048367277,-0.013251435,0.158929542,-0.044595901,0.085379802,0.120174646,0.033170544,0.071448296,-0.046537116,-0.015306645,-0.155275434,0.061195027,-0.077801511,-0.034863219
1,0.074659109,-0.133995324,0.063263699,-0.011459285,-0.021424865,0.064143457,-0.032009628,-0.119902998,-0.095010318,0.005825113,-0.070620842,-0.05375414,0.013236019,0.023114003,-0.172093838,0.101058081,0.144437447,-0.115166664,0.03864124,-0.114507891,0.10318438,0.043825798,-0.111030787,0.032001104,-0.001195274,0.088127851,0.081363305,-0.156299025,-0.093299024,0.061007772,0.0724058,0.105037965,-0.056600191,0.039616887,0.055796292,0.01347823,-0.084035821,-0.075162753,-0.106044509,-0.109551661,-0.09274783,-0.120600082,0.071887471,-0.062386848,0.02597226,0.064947881,-0.025217736,-0.052313205,0.112651318,-0.15572238,-0.058397051,-0.132977143,0.097874358,0.084138587,0.03066073,0.024641002,-0.182508051,0.149346992,0.103143059,0.017548749,0.063785493,-0.01036984,0.084386386,-0.040964179,-0.112830445,-0.021859789,0.157169119,-0.167320639,0.013592368,-0.070889764,-0.095143527,-0.113951191,0.08287143,0.017684601,-0.012656744,0.081977196,0.079863749,-0.08444722,0.078260712,-0.103085555,-0.095358185,-0.014389911,-0.135302305,0.151897952,-0.040672954,0.119696729,-0.182416871,0.074678779,-0.118901119,-0.150035024,-0.204989165,-0.028605463,-0.115891241,-0.009092054,0.014261918,0.131184697,-0.041997049,-0.172552496,0.145044029,0.022984568,-0.128546834,-0.081218496,0.090341665,-0.066503257,0.043721352,0.13827084,-0.155386254,-0.070852965,-0.067241482,-0.052400656,0.137323856,0.170976728,0.085116573,0.074252911,-0.082138494,0.003525341,0.141987875,-0.022457002,0.001092084,-0.055019822,0.118012398,-0.069280952,0.047935855,-0.114720322,-0.163519308,0.067716941,-0.073982954,0.019430436
2,0.349760711,-0.33793664,-0.005750593,-0.161848888,-0.117586888,0.080392122,-0.111812189,-0.173979864,-0.086548701,0.25890404,-0.31769377,-0.200653225,-0.375592947,-0.339424551,-0.208992377,0.038885269,0.137230307,-0.142848566,0.320233196,-0.104794398,0.205769494,0.025473425,-0.466370434,-0.220382556,-0.019749446,-0.13336581,0.245025933,-0.349065959,-0.344255,0.066142119,-0.099046633,0.099885605,-0.470138252,-0.026173437,0.068418011,0.086580612,-0.369589508,-0.216744721,-0.227498829,-0.127511248,0.398752511,-0.601743162,0.392183453,-0.148868769,0.131183267,-0.410978109,-0.216372043,-0.788117051,0.288129568,-0.274039894,-0.293032706,-0.193523571,0.132048547,0.184481695,0.25317499,0.647582114,-0.600331426,-0.14766711,0.086642139,-0.382223696,-0.120604947,-0.056294736,0.225545838,0.085123353,-0.415372968,0.027610475,0.182334378,-0.522964001,-0.156962603,-0.429975867,0.130225927,-0.256843925,0.34612745,0.052873872,0.294956028,-0.2154475,0.069326505,0.133409157,-0.241788924,0.036488857,-0.083202675,0.026435483,-0.299536616,0.403957963,-0.221310675,0.200206831,-0.146551341,0.593406856,-0.264376312,-0.731718123,-0.271653473,-0.138975039,-0.569126546,-0.327809304,-0.362583458,0.316043228,-0.076404311,-0.663430274,0.364781052,0.220062822,-0.000704431,-1.041478157,0.064206235,-0.200143144,0.145378262,0.1904044,0.135816544,-0.822189212,-0.157437518,0.353327096,-0.068138629,0.176617637,0.160156384,-0.286135942,-0.213835791,0.371059865,0.529401839,-0.175296098,0.30939728,0.464305341,0.079687193,0.065360986,0.245521486,-0.521426082,-0.765688181,-0.192973793,-0.661634564,0.089953877
3,0.332330436,-0.311010301,0.170709521,-0.179491833,-0.117017977,-0.057422522,-0.061568949,-0.143565819,-0.052621014,0.260011047,-0.15156354,-0.267224848,-0.376551598,-0.450475544,-0.227740705,0.121323392,0.262364656,-0.340411216,0.274859905,-0.096041694,0.198022112,0.062655427,-0.541280568,-0.105477355,-0.010166152,-0.13916871,0.20366019,-0.464604169,-0.380217046,0.108032554,0.030885056,0.155336604,-0.396682829,-0.233048499,0.187370345,0.170004472,-0.294842631,-0.153494522,-0.045868877,-0.224056408,0.242704406,-0.505764484,0.29309544,-0.133126274,0.246808082,-0.330363572,-0.045922734,-0.811049402,0.329988062,-0.262731731,-0.275607556,-0.111553438,0.214769244,0.175076038,0.181374565,0.600998461,-0.674589455,-0.131064773,0.16198869,-0.324773431,-0.097539775,-0.189958572,0.124690682,0.121168099,-0.258667499,0.083782412,0.201678678,-0.606714189,-0.049136046,-0.392193884,0.143837005,-0.305857927,0.398880631,-0.045490667,0.365448058,-0.14227204,0.150368899,0.06433551,-0.163660914,0.031764045,0.034294676,0.054952253,-0.288831741,0.33814925,-0.268893778,0.19337143,-0.171573788,0.604043782,-0.189404652,-0.672700703,-0.237568453,-0.179834545,-0.561987996,-0.381936073,-0.449068278,0.162686691,-0.125412241,-0.596750081,0.285501659,0.187466756,-0.031708736,-0.998268366,-0.115743481,-0.338210195,0.279834598,0.226672843,0.099740721,-0.897928774,-0.159692273,0.246796831,0.029633246,0.258027315,0.081221521,-0.23867479,-0.289880395,0.196553767,0.459138364,-0.207256049,0.310526341,0.473118901,0.129878178,0.025068928,0.165213138,-0.373703212,-0.590282619,-0.208675876,-0.690420508,0.040463224
4,0.275579989,-0.290194988,0.128983766,-0.163964227,-0.082673572,0.012433339,-0.069142431,-0.099133097,-0.057001028,0.245379835,-0.227828965,-0.234255284,-0.328346074,-0.375528067,-0.220748991,0.061049324,0.160732985,-0.201674998,0.251792997,-0.07142327,0.179791808,0.005580662,-0.454951376,-0.152836516,-0.021490484,-0.110504419,0.172677383,-0.390864938,-0.304885387,0.076474808,-0.032789875,0.11435505,-0.421184659,-0.144193098,0.160767481,0.128066242,-0.291819364,-0.179670215,-0.12810427,-0.164470002,0.298132867,-0.543550074,0.331734538,-0.100484438,0.198131576,-0.33050701,-0.094138116,-0.769717693,0.284762233,-0.198750198,-0.303388327,-0.155887738,0.152668282,0.178241,0.141723618,0.529407382,-0.574227512,-0.1072594,0.1254078,-0.286142558,-0.070798136,-0.104324088,0.171841964,0.110173546,-0.319779158,0.065812528,0.191424713,-0.511300385,-0.089737959,-0.335592479,0.112852514,-0.25505802,0.418782324,-0.016686076,0.281286836,-0.174199,0.08029706,0.098770164,-0.207365304,0.025305079,0.01428254,-0.009215148,-0.281832814,0.322655678,-0.260970354,0.192826062,-0.13411735,0.57976377,-0.204307452,-0.657752752,-0.278593391,-0.155211568,-0.532015741,-0.241629466,-0.338865042,0.235610649,-0.101924159,-0.555969656,0.289311916,0.173790738,0.002766413,-0.957612932,-0.041698232,-0.281320095,0.198345661,0.167309523,0.095507771,-0.753920615,-0.14531754,0.244827226,-0.009816004,0.242209896,0.140376464,-0.223410085,-0.218396604,0.269903034,0.463383228,-0.133916333,0.30686155,0.439684898,0.110686533,0.019094789,0.174138591,-0.478881985,-0.585242987,-0.226765051,-0.624799728,0.035366159
5,0.281156719,-0.616509795,0.650929093,-0.207181141,-0.456542641,0.578264415,-0.135441184,-0.625603557,-0.808135092,0.500804663,-0.056120861,-0.200354919,-0.306088537,0.048993941,-0.197796747,0.008909671,0.251467973,-0.468797535,0.409847021,-0.243970528,-0.123750165,-0.487036377,-0.884200037,-0.093585677,0.096311837,0.55138278,0.448501289,0.149877876,-0.545467138,0.536292374,0.588163316,0.248455748,-0.670718372,0.359970123,-0.14648056,-0.446368337,-0.099905446,-0.680926442,-0.257425845,-0.309312642,-0.091522463,-0.995334923,0.096058697,-0.264411151,0.19925575,0.421177804,0.030794356,0.346390307,0.735266864,-1.44530499,-0.350421667,-0.02950128,-0.128860876,0.318756014,-0.26162383,0.646862805,-0.713820934,0.502584457,0.152170643,-0.846009731,-0.309059292,-0.524306893,-0.376703173,0.546823442,-0.35206911,-0.211935729,0.285402358,-0.855477631,0.25985834,-0.407424659,0.216091305,-0.4285779,0.030290633,-0.481983751,0.179330513,-0.383338571,-0.267883509,0.190927595,-0.123469345,-0.10000357,0.175921708,0.192231044,-0.557131588,1.019731045,0.048895944,0.450330913,-0.870238721,0.324676216,-0.28337279,-0.845316589,-0.153300181,0.0028993,-0.950510383,-0.046292927,0.117656894,-0.336027563,0.400794327,-0.782341957,0.652750731,-0.083174303,-0.084383734,-0.105241463,0.211227059,-0.567252398,0.346259445,-0.040488567,-0.329779595,-0.258882761,-0.290978432,-0.01693959,0.051988419,0.474275589,0.486285657,0.200198531,0.341124535,0.318153113,0.2023433,-0.789390922,0.195403025,-0.239756539,0.414094687,-0.141922057,0.354816645,-0.14082545,-0.587791502,0.37393564,-0.883304954,0.391042888
6,0.242937088,-0.73125267,0.689749777,-0.13722606,-0.554371297,0.511577308,-0.027187943,-0.61304605,-0.840164959,0.552209973,0.005501194,-0.196136132,-0.253546,0.146781147,-0.144404277,0.073453963,0.30870834,-0.519955814,0.333790541,-0.184948698,-0.138719544,-0.425922781,-0.894443274,-0.111080557,0.0472828,0.384348035,0.489051521,0.199632153,-0.488407731,0.435931563,0.424007475,0.336664081,-0.680770338,0.414509296,-0.158365592,-0.372811139,-0.046502031,-0.805215597,-0.368284971,-0.339698255,-0.070111997,-0.975944996,0.117473215,-0.23388961,0.235377535,0.511537671,0.002171266,0.23048225,0.556514442,-1.332060933,-0.365756959,-0.086909242,-0.193062201,0.320330203,-0.320877105,0.618614435,-0.681502938,0.504814267,0.165597022,-0.781095445,-0.338273317,-0.577725828,-0.422434539,0.646510541,-0.342719883,-0.250872076,0.215795234,-0.847026467,0.069990791,-0.393555164,0.181480959,-0.381779522,0.019931184,-0.774129868,0.12116193,-0.294731289,-0.113266081,0.2437049,-0.104775414,-0.187392846,0.078317836,0.172864273,-0.731210172,1.099530816,0.09932889,0.432754099,-0.947325945,0.418430537,-0.310980886,-0.692585289,-0.224280372,-0.045291495,-0.898281753,0.022126576,0.026473265,-0.373326093,0.397044986,-0.714122713,0.453100473,-0.064634502,-0.124037117,0.054619707,0.108924024,-0.570420921,0.3599163,-0.143220156,-0.370102197,-0.242711797,-0.28450036,-0.12683706,0.098875254,0.445438147,0.568869174,0.145495936,0.359570056,0.337076217,0.186768368,-0.746603072,0.131499946,-0.251770318,0.243726894,-0.150611296,0.32734403,-0.192469746,-0.594477713,0.295837969,-0.853022575,0.311780125
7,0.238683298,-0.650876284,0.718940973,-0.181798935,-0.539234519,0.516270578,-0.034964565,-0.562493205,-0.856560349,0.494731277,-0.067408144,-0.245938852,-0.280195057,0.178630427,-0.123875931,0.00505103,0.316254705,-0.5114187,0.354783833,-0.17656967,-0.126901925,-0.434631556,-0.879481852,-0.064619042,0.069055758,0.412971079,0.527154922,0.172425449,-0.500220776,0.469174743,0.467374504,0.241442755,-0.697241127,0.416117936,-0.14311634,-0.373749524,-0.056907427,-0.706622779,-0.343595326,-0.344658524,-0.070353299,-0.983335793,0.098507233,-0.261174977,0.21444422,0.506075025,-0.015194795,0.343726128,0.632106304,-1.345198631,-0.342659324,-0.091728233,-0.133686006,0.323869258,-0.34457612,0.660373688,-0.627044022,0.508728266,0.193785846,-0.816297114,-0.380651057,-0.57173574,-0.373436898,0.60666579,-0.348791927,-0.239861131,0.219831809,-0.849531829,0.193706319,-0.468030095,0.261301309,-0.394176394,-0.021776857,-0.633549988,0.208520129,-0.391367853,-0.166923314,0.200206235,-0.133716539,-0.161326066,0.11784251,0.171609461,-0.647292435,1.014902592,0.059749927,0.406350851,-0.871354222,0.366767913,-0.317389727,-0.734511018,-0.213496879,-0.004908843,-0.936876774,-0.059852231,0.03329939,-0.323138535,0.359554589,-0.7439273,0.491137654,-0.057048235,-0.105699278,-0.030334203,0.13149929,-0.560942113,0.336328208,-0.123244047,-0.350169003,-0.25469318,-0.347494394,-0.069872729,0.082148015,0.443815231,0.522486746,0.16838339,0.370506138,0.309361607,0.130569696,-0.689888,0.17612344,-0.286172926,0.364508331,-0.221963242,0.367296755,-0.146588266,-0.635970592,0.317018062,-0.860495687,0.289264888
8,0.110632069,-0.064753935,0.043981839,-0.209105149,0.023588458,0.125954762,-0.229082257,-0.004948442,-0.166903466,0.230084136,-0.129284158,0.258502185,0.010964516,0.024911931,0.024886005,0.118831038,0.163453341,0.027649408,-0.070835374,0.069066592,0.272594452,-0.160392493,-0.166443542,0.041995838,0.035857681,-0.022423273,-0.006490018,-0.29968977,-0.022503613,0.107789196,0.04002938,-0.109832317,-0.218032658,-0.005830435,0.127776742,0.038666219,-0.41235441,0.103762835,-0.183216527,-0.091667004,-0.117956355,-0.291970134,0.045930251,0.026394872,-0.045910131,-0.062710106,0.062019899,-0.003670986,0.174088046,-0.302951247,-0.064653404,0.004910305,0.076949492,0.279787242,0.041635584,0.088916421,-0.388492256,0.288700134,0.214723244,0.049419709,-0.019062299,-0.041932981,0.167090327,-0.209476307,-0.328679293,-0.186811119,-0.024261372,-0.265101165,-0.018890124,0.089721903,0.038297869,-0.288736254,0.287243694,0.015688729,0.060732484,-0.130697682,-0.040035896,0.078256972,0.077053681,0.077533759,-0.124939688,0.073469892,-0.106847398,0.158094063,0.116585769,0.185213864,-0.153844923,0.001989295,-0.153784633,-0.173273757,-0.188433096,-0.105030484,-0.286224008,-0.077834778,0.064331874,-0.016735783,-0.189687401,-0.187591821,0.031242274,0.073405035,-0.054842696,-0.154925913,0.01710243,-0.01804954,0.075707264,-0.022774996,-0.173266441,-0.051965952,-0.003722537,-0.089600779,0.310429156,0.232833073,0.09508349,0.035208542,-0.046168674,0.144005612,0.038452856,0.096078999,0.152735367,0.031835034,-0.180912629,-0.164157584,0.059355497,-0.195685551,-0.137925595,0.028409801,-0.210657328,-0.024359096
9,0.119244538,-0.068198882,0.016731756,-0.018449675,-0.116564736,0.151151851,-0.168007374,-0.101304986,-0.08884462,0.148960978,-0.216179773,-0.014087372,0.14174515,-0.001292292,-0.079085723,0.229827404,0.241671532,0.21837303,0.040315036,-0.087920986,0.121892124,-0.051786866,-0.145381525,-0.01450684,0.111369491,0.034144148,0.044177309,-0.154868558,-0.152781427,-0.022846032,0.049586523,-0.025342761,-0.046041861,0.170912564,-0.063416854,-0.180180281,-0.20094873,0.048356142,-0.056802645,-0.049079236,-0.075221911,-0.1185764,0.085075378,-0.074918203,-0.118250512,-0.030321185,-0.120679781,0.027101502,0.091298528,-0.235114992,-0.046392351,-0.16490607,0.119907469,0.063061953,0.040948249,0.237393424,-0.252606422,0.006843478,0.011455058,0.008493013,0.001245826,-0.074469596,0.149251401,-0.03095012,-0.283543587,0.102112398,0.08095365,-0.208072826,-0.102532655,0.0356142,-0.081487238,-0.167816326,0.181437507,0.188817799,-0.19945322,-0.00821569,-0.058281727,-0.000635358,-0.037110336,0.105349116,-0.018887198,-0.001265208,-0.062583946,0.026239863,0.05563917,0.102290682,-0.198399425,0.153322995,-0.010206864,-0.079514563,-0.014161119,-0.019463651,-0.236563042,-0.173539504,0.169052884,0.010054467,-0.021461526,-0.178576007,0.08571066,0.1223443,-0.041578952,-0.070528381,0.047529992,-0.068755209,0.293431193,0.022607584,-0.182748824,-0.167064384,0.044071797,0.039059769,0.053444739,0.288264632,0.271054476,0.113815822,0.061385777,0.036928851,-0.006594731,0.148000643,0.053921741,-0.136833057,0.037176587,-0.249904186,0.035809916,-0.113679282,-0.234939307,0.024777791,-0.125516087,0.101094216
10,0.274524242,-0.095093071,0.031202061,-0.002603832,-0.111374468,0.197759226,-0.2227377,-0.144063294,-0.085391745,0.199551672,-0.229097962,-0.020232873,0.248800546,0.046458051,-0.037283827,0.200211033,0.318667203,0.439467013,0.073419064,-0.122346409,0.164221451,-0.002852562,-0.213608652,-0.011093774,0.134031981,0.149898306,0.030660914,-0.171633095,-0.234312519,-0.055410016,0.085709147,0.001463631,-0.091118313,0.238378674,-0.105071701,-0.274965227,-0.279301107,0.070216209,-0.099279962,-0.024877407,-0.165044516,-0.148978949,0.154150099,-0.12043082,-0.149441808,0.002399065,-0.146573484,0.036353987,0.165912747,-0.282045603,0.00554428,-0.146587282,0.077589102,0.063439913,0.06520617,0.187229618,-0.39223516,0.006519596,-0.127145201,0.076976769,-0.069982834,-0.088948704,0.178406924,-0.085588552,-0.414841354,0.16840753,-0.016118215,-0.326265901,-0.144445583,-0.011893223,-0.105922103,-0.164020494,0.338285178,0.336051732,-0.337719321,0.022903267,-0.090496637,0.05038349,-0.025393566,0.036113553,-0.026957693,0.028777307,-0.0616883,0.065672599,0.114829123,0.179132506,-0.296111196,0.274242669,0.0679195,-0.102070749,0.021128217,-0.126252487,-0.315381408,-0.215629503,0.292374671,0.103331573,0.056013286,-0.145765707,0.237918273,0.139981627,-0.094768606,-0.107901998,0.026581349,-0.130790815,0.307238191,0.067962445,-0.173544541,-0.187567636,0.125208706,0.100496054,0.023955042,0.355051816,0.36616078,0.14120622,0.103489198,0.100993067,0.019817095,0.215313748,0.037851304,-0.151330709,0.055181883,-0.312805235,0.019995075,-0.201670542,-0.361428916,-0.039860509,-0.08847408,0.216301218
11,0.127472445,-0.088767916,-0.001014481,-0.039198264,-0.1562998,0.162728608,-0.21321784,-0.06813027,-0.106336102,0.153951451,-0.222287968,-0.009527348,0.243676022,0.070841119,-0.094190113,0.250138015,0.261282176,0.23536472,0.004506801,-0.058893729,0.123524636,-0.040305708,-0.063026376,-0.0135974,0.11284072,-0.019244617,0.033124302,-0.124671645,-0.157784864,-0.013070974,0.083946712,0.030155662,-0.062023304,0.231098145,-0.097695939,-0.20268482,-0.147300825,0.032585669,-0.073627397,-0.020692864,-0.104506753,-0.096842468,0.11765483,-0.095862731,-0.16615957,-0.037446491,-0.163567171,0.094848007,0.120468907,-0.219233871,-0.005887142,-0.205334857,0.134274453,0.022389237,0.036075532,0.248369515,-0.24588351,-0.000997737,0.015367413,0.008010397,-0.023398219,-0.101545975,0.142904699,-0.060797457,-0.317448467,0.126270697,0.054311659,-0.204903856,-0.153219804,0.052916229,-0.168329433,-0.157050356,0.18936646,0.215594366,-0.278692067,-0.008146327,-0.115158573,0.010883763,0.002713536,0.098190248,-0.080987103,-0.030807974,-0.118183859,0.059230268,0.112299256,0.088312596,-0.234204292,0.086129121,0.01457991,-0.052961126,0.072835341,0.022881655,-0.202857718,-0.192430615,0.192967147,-0.015313947,-0.005011549,-0.164468199,0.028356228,0.161399364,-0.011112797,0.011624708,0.056554921,-0.048559122,0.331753641,0.024298131,-0.206573948,-0.098497711,0.052327808,0.027281338,0.084998339,0.327085257,0.292019069,0.151329726,0.079855964,0.037127636,0.004498047,0.155928969,0.061689515,-0.160083741,0.042724006,-0.232624263,0.040856391,-0.088527434,-0.197359055,0.057202242,-0.082474709,0.075695716
12,0.193696707,-0.125923887,0.000425654,-0.054496896,-0.16281119,0.211837381,-0.311375082,-0.196159482,-0.083760463,0.284304261,-0.261804968,0.041943837,0.277569503,0.144907624,-0.0648674,0.309168935,0.335927606,0.264914513,-0.068585537,-0.105953291,0.207317024,-0.021589447,-0.089218639,0.017370269,0.100955471,0.029213514,0.076913849,-0.115514576,-0.19737041,-0.071026646,0.083632998,0.035449393,-0.121711574,0.301675946,-0.206728309,-0.244746715,-0.223601311,0.046873167,-0.052280713,-0.031545196,-0.174592301,-0.110137351,0.147692427,-0.167572901,-0.264616132,-0.040292375,-0.159313127,0.155581966,0.091620758,-0.327017546,0.025222039,-0.219879717,0.101261579,0.113655761,0.115027443,0.278762162,-0.341450661,-0.019503713,0.029113295,-0.012964299,-0.025310772,-0.092007704,0.117605843,-0.03414268,-0.403431296,0.096313365,0.062555313,-0.247740254,-0.176131606,0.00035498,-0.092035115,-0.151394561,0.161032096,0.233643964,-0.328620523,0.04127115,-0.158288956,0.096728139,-0.043811966,0.076489113,-0.01972715,0.154957607,-0.085841529,0.04028805,0.254853398,0.135728717,-0.292492658,0.192054838,0.004598703,-0.120859355,0.023644339,0.042284708,-0.248937547,-0.212834582,0.311771601,0.060268071,-0.010750869,-0.146106854,0.052967209,0.185336471,-0.064635172,0.065745845,0.050306119,-0.037117548,0.428487003,0.056332566,-0.257512331,-0.070852719,0.103528731,-0.002500975,0.089524895,0.407667458,0.33638069,0.373571157,0.105004705,-0.047435734,-0.066871054,0.16510506,-0.003945479,-0.179969147,-0.089069679,-0.271277905,-0.031134406,-0.194524184,-0.172220632,0.02595238,-0.078726426,0.215117306
13,0.117735527,-0.070487469,0.010960516,-0.030627094,-0.129932821,0.130480751,-0.136665568,-0.098813273,-0.134214774,0.17368789,-0.16256243,0.029707588,0.144040391,0.049766198,-0.073520996,0.161427215,0.268463492,0.123981386,-0.007257583,-0.012457461,0.11617513,-0.025841234,-0.128148198,-0.015659479,0.082325056,0.024393648,0.042640567,-0.120736659,-0.077935398,0.00198459,0.025483197,0.036159631,-0.089290015,0.165468574,-0.056374609,-0.150486857,-0.172817215,-0.007578551,-0.064555876,-0.040019173,-0.075056337,-0.07617268,0.108047724,-0.013005462,-0.094172359,0.016114697,-0.106930897,0.035834823,0.063925713,-0.199278831,-0.051840581,-0.152287737,0.033104241,0.089604475,-0.021492856,0.17999965,-0.229507789,0.081215307,-0.009983299,-0.011395918,-0.034132287,-0.068163544,0.060359918,0.010987439,-0.260675073,0.05622172,0.042842049,-0.192555293,-0.092139766,-0.017411614,-0.087334067,-0.129664198,0.190618739,0.064082682,-0.185229391,-0.044501469,-0.019410692,0.035340212,-0.027615171,0.017438989,-0.07282079,-0.004468285,-0.145615384,0.108580515,0.069224626,0.110071801,-0.194727361,0.150373876,-0.032747749,-0.054050297,-0.00554622,-0.037063304,-0.257233471,-0.14745526,0.129850164,-0.016667956,-0.049121343,-0.153016835,0.039753541,0.046850756,0.010627978,-0.023948334,0.026757533,-0.072880358,0.240146846,0.02995356,-0.138460636,-0.128013998,0.026905153,-0.007253586,0.048984732,0.247081622,0.247026399,0.107630268,0.045290835,0.050734747,-0.001640902,0.104091272,0.079466797,-0.134407118,-0.021579968,-0.18675065,0.041131742,-0.143269956,-0.1910588,-0.011017786,-0.066288926,0.09561573
14,-0.09165711,-0.207695708,-0.127188787,-0.481250674,-0.149871305,0.280215889,-0.237613901,0.062102541,-0.27989164,0.151144862,-0.440453231,0.615557849,-0.292376757,-0.003267781,-0.104307108,0.032124374,-0.120059296,0.219965279,-0.242238,0.134277001,0.412750542,-0.536740065,-0.317483962,-0.144331828,0.21405144,-0.022333544,-0.275835454,-0.251409799,0.128133833,0.312859714,0.324169338,-0.192012385,-0.315960616,0.008728453,0.07534118,-0.101090953,-0.857171535,0.308306903,-0.473777622,-0.32127437,0.076996163,-0.374578953,-0.405726165,0.048450645,-0.066566356,-0.261881679,-0.15601097,-0.177581623,0.355146229,-0.679049909,0.01278478,0.176380903,0.104942903,0.495082676,0.224106193,0.446701884,-0.709385931,0.680821419,0.34815973,-0.229720324,-0.003635126,0.008446627,0.192606971,-0.207778811,-0.525078595,-0.675016105,-0.198182836,-0.294353545,-0.102313034,0.030778931,-0.19252865,-0.222303942,0.31007269,0.171139777,-0.037887271,-0.242420599,0.054713309,0.142119676,0.022393139,0.445334136,-0.042595178,0.082772903,-0.287539601,0.090930812,0.406674594,0.633506417,-0.142758131,-0.089955777,0.136600763,-0.073885985,-0.564915538,-0.120027304,-0.534083962,-0.178636521,0.22427012,0.0772058,-0.195575744,-0.158294052,-0.005184981,-0.105078302,0.057918817,-0.113944516,-0.120406576,0.060562551,-0.079162873,-0.102704749,-0.304183304,-0.07369113,-0.064344577,-0.188964844,0.617070556,0.283773035,0.073171809,0.249719799,-0.279187828,0.10879343,0.140207946,0.45900172,-0.216457769,0.201452091,-0.21888122,-0.147198379,0.035928458,-0.288018256,-0.689882398,-0.153020576,-0.428844333,0.077319987
15,-0.945955515,-1.327640533,-0.895799577,-0.076853797,-0.924961686,1.125160336,0.388264239,0.342466623,-1.196037889,-0.608604848,-0.958671927,1.433226347,-1.255367517,1.13460958,-0.062575512,0.550486207,1.062752962,0.496525824,-0.246010542,1.669408202,1.197672129,-2.431284666,-0.431596071,-0.824928164,0.577193975,0.074194938,0.2225952,0.767951488,0.943497002,1.380157351,0.93903178,-0.91175586,-1.879197359,-0.041957114,0.893555641,-0.952296436,-2.05244112,1.766069651,-1.566085696,-0.923475385,1.160684586,-0.860717177,-0.126006141,0.399869412,-0.188931376,-0.227555484,-1.880237579,-0.256707251,1.158425093,-2.458126783,-1.121517777,0.043938015,0.176727802,2.467828512,0.895269811,1.254234433,-0.701007187,2.028446436,0.579981983,-0.166260794,0.57181567,0.535040736,0.929670691,0.481435448,-1.60250771,-2.184940815,-0.639576018,-1.268628478,-0.580257297,0.603065729,-0.986586332,-0.410851359,1.057710767,-0.203997642,-0.30566144,-1.49306941,0.727108479,0.228234574,0.658075631,0.801210701,-0.823640764,-0.452135384,-2.340450048,0.424306929,1.15431726,1.576563597,-1.563800573,-0.342580914,0.226583585,-0.200701222,-2.212767839,0.089035116,-2.050341129,-0.32801488,0.575527549,-0.474823654,-0.529696047,-0.371252209,-0.489218712,-0.329462171,0.150020093,-0.935449779,-0.837341785,0.549483955,0.039020561,-1.31617415,-0.563793242,-1.115954399,-1.3624295,-0.326465487,2.220306158,-0.16774784,0.645461798,-0.218365729,-1.116801739,0.115483224,0.149546057,1.89928484,1.211721539,0.852726877,-0.284962207,-0.778467298,1.022868395,-0.328804076,-2.386362314,-0.167522416,-1.37130034,-0.115883112
16,-0.663766325,-0.868016303,-0.227670819,-0.449339002,-0.446121335,0.69091779,-0.14686808,0.184193626,-0.918472052,-0.037883852,-0.670050144,1.032957315,-0.705161333,0.566919386,-0.206229001,0.453628004,0.236500263,0.472736746,-0.188641116,0.931794703,0.946496844,-1.682325244,-0.436138123,-0.480318964,0.42028597,0.126845196,-0.046962373,0.102126494,0.673994064,0.64022392,0.777073801,-0.512115955,-1.199604154,0.085097797,0.139386877,-0.815586686,-1.362131357,1.104237556,-1.088080883,-0.911017179,0.50638634,-0.555694461,-0.576274872,0.049290523,-0.148191318,-0.158054456,-1.016279578,-0.1688831,0.707465291,-1.586786985,-0.539515913,0.148569971,0.242792726,1.405511141,0.279908419,0.997716308,-0.791225791,1.62651515,0.531309187,-0.179637969,-0.004533043,0.304684162,0.62721312,0.033526652,-1.328020573,-1.420349717,-0.144167617,-0.647028804,-0.40056172,0.124492936,-0.53700155,-0.522962451,0.570214212,-0.027179107,-0.17476438,-0.778101265,0.42828232,0.085991897,0.144945577,0.96371299,-0.547952652,-0.025068982,-1.354457498,0.125991315,0.783827126,1.247178555,-1.054039121,-0.415974349,0.329592973,-0.293345839,-1.286316156,-0.054513827,-1.410832167,-0.346573085,0.411208034,-0.298269391,-0.507371902,-0.1916814,-0.190574482,-0.401001334,-0.016887546,-0.54921937,-0.61515516,0.196165457,0.110074639,-0.770835519,-0.560306787,-0.661001444,-0.621004403,-0.208123028,1.312863231,0.131703675,0.557295024,0.160289764,-0.669834435,0.364871234,0.05886877,1.088363647,0.229520559,0.329944462,-0.330393344,-0.735719025,0.453935832,-0.333464831,-1.463616729,-0.123433068,-1.124953151,-0.048728976
17,-0.100067601,-0.156411409,-0.15613696,-0.486527056,-0.083726451,0.246733651,-0.288406938,0.025875386,-0.266503066,0.155816764,-0.470147997,0.620046735,-0.341402054,-0.071909107,-0.063340783,0.01322527,-0.110348366,0.194584444,-0.278796136,0.113317646,0.427745908,-0.442120969,-0.286624461,-0.128836736,0.214718342,-0.068592556,-0.204077691,-0.290735662,0.143823996,0.256122053,0.27811563,-0.196904987,-0.326801896,-0.002449434,0.059118893,-0.110326789,-0.827003241,0.248475328,-0.374587744,-0.302911162,0.016026516,-0.353036344,-0.350483686,-0.001052928,-0.068930879,-0.259798139,-0.116937339,-0.207380369,0.389341295,-0.680085063,0.026744843,0.16385828,0.073079959,0.449335843,0.223338813,0.385213405,-0.7227934,0.623467803,0.28932333,-0.216659904,0.002570538,0.05691218,0.155199081,-0.275024951,-0.499967098,-0.661322296,-0.153134674,-0.305345356,-0.09950719,-0.00933202,-0.153055698,-0.220823303,0.302886814,0.194900051,-0.075271875,-0.239306375,0.067488536,0.155860081,-0.007550253,0.373371154,-0.053416878,0.098615982,-0.257760704,0.083587788,0.3537139,0.595621169,-0.127126575,-0.100703068,0.067351855,-0.10000629,-0.490708441,-0.115242861,-0.511146486,-0.150985509,0.267029583,0.047315363,-0.187755868,-0.162186831,0.009888659,-0.141529158,0.060823277,-0.134387583,-0.097264417,0.035278793,-0.07521835,-0.116436265,-0.287210375,-0.027654557,-0.053820025,-0.22741583,0.635898292,0.303129464,0.121692546,0.257234067,-0.26292634,0.134030208,0.11495553,0.398977876,-0.170956239,0.223588303,-0.192488968,-0.099407054,0.037470333,-0.35314545,-0.590656638,-0.141744047,-0.393320054,0.110211685
18,-0.216315925,-1.010854602,0.149843469,-0.706936717,-0.228478476,0.926142991,0.684663594,1.089741826,-0.828406096,0.160317913,-0.24786602,1.123638749,0.252396882,-0.071724936,-0.745833695,0.809030771,0.333278,-0.202804625,-0.755859673,1.405189872,1.167616367,-2.160523415,-0.213662162,-0.563774884,0.429581523,0.492909729,-0.777195871,-0.468069911,-0.03584322,0.628652453,1.445964694,-0.560979187,-0.95756793,-0.321380168,0.238829076,0.664219856,-2.340549231,0.734724462,-1.629501462,-1.562978387,1.154722095,-0.905344367,-0.369021267,-0.352365911,0.962688982,-0.096865974,-0.511435747,0.176441371,0.177294821,-1.03962183,-1.035668731,-0.035079252,0.780882895,2.479665041,0.292773783,1.331832886,-1.883252978,2.137928963,0.873008728,-0.644702613,0.322825283,-0.937500179,0.013431862,0.492180347,-1.170847893,-0.838888228,-0.589884281,-1.252699256,0.034783173,0.120857954,-0.518925667,-0.887444496,1.067974567,-0.312898695,1.043906808,-1.838667035,0.695930421,0.59309262,-0.479174525,0.870946109,0.340278447,0.346897751,-1.798128963,0.263459444,0.524385571,1.440005064,-0.911934376,0.090759799,-0.103589378,-0.210510343,-1.195757151,0.206486925,-2.286491632,-0.776419878,-0.343459487,-0.515641928,-0.807978153,-0.07575129,-0.106060185,-0.880312681,0.150894433,-1.372456312,-0.676174939,0.294593245,0.738464773,0.454700261,-0.312812746,-0.250078231,-0.60039556,-0.571225405,1.517087102,0.147826493,-0.160416067,0.058375936,-1.02135849,0.312878519,0.022867808,1.284475923,0.183815688,0.585832953,-0.980343521,-1.018322468,0.874450862,-0.240910441,-1.586624861,-1.14590013,-1.216042042,0.480063975
19,-0.303608894,-0.286673456,-0.115904249,-0.726388693,-0.109151885,0.25135842,-0.305597454,0.290460616,-0.690482855,0.19693628,-0.552232981,1.0108248,-0.330551565,-0.25880596,-0.014978919,0.153533638,-0.110895038,0.24518837,-0.716310978,0.378785074,0.282007992,-1.230728626,-0.530048013,-0.090355076,0.304535121,0.081672326,-0.307537615,-0.302786767,0.311362386,0.550661087,0.616074622,-0.060011096,-0.637983203,-0.138191432,0.506916285,-0.06256254,-1.488721848,0.571754336,-0.604854703,-0.523111045,0.355326414,-0.925697982,-0.571361184,0.143817782,-0.034350887,-0.390754461,-0.060615383,-0.034997284,0.733462632,-1.221432805,-0.092650421,0.207431465,0.271534085,0.835719764,0.363069773,0.866375208,-1.044065237,1.244625211,0.276629567,-0.641831577,-0.111926191,-0.273474455,0.114746422,-0.115378283,-0.91059041,-0.873300433,-0.508623362,-0.506688535,-0.234073445,-0.002604018,-0.282752693,-0.366725087,0.513140798,-0.155523375,0.251165897,-0.955485344,0.282986373,0.35930413,-0.019724581,0.632516921,-0.182221651,-0.064897195,-0.689337373,0.045978423,0.731202185,0.973921061,-0.445007175,-0.107792914,0.349970102,-0.011284603,-0.584805131,0.043076478,-1.105782509,-0.266268045,-0.133430749,-0.541244388,-0.195404708,-0.072600514,-0.07299111,-0.297972947,-0.039346445,-0.138589561,-0.354718715,-0.056700516,-0.077505127,-0.237191051,-0.294783592,-0.174267128,-0.022176394,-0.336341321,0.951620221,0.106170937,-0.074861683,0.241970465,-0.363278359,0.405733109,-0.04354414,0.607526541,-0.295313329,0.363400102,-0.042029679,-0.082760893,0.442703336,-0.357939541,-1.347137928,-0.04432933,-0.966402054,0.153666094
20,0.853860378,0.124551915,0.240841731,-1.861855865,-0.140077561,0.998722255,-1.083298802,0.110823937,-1.460271478,0.894671261,-1.064029336,1.521656871,0.024476591,0.105005704,-0.177342325,-0.080345042,-0.630095899,0.764088809,-1.372244239,-0.282041311,1.263149977,-0.808124661,-0.611981273,-0.093596466,0.510447383,-0.456369907,-1.721171021,-1.55174458,0.239545107,0.403394729,1.866313934,0.435348332,-0.645026386,1.284885049,-0.480881989,0.074895397,-2.206232071,0.607790172,-1.144082308,-1.170492172,-0.847882926,-0.678909421,-1.578372717,0.048476152,-0.551672518,-0.437964797,0.430392474,0.077259839,0.424122185,-1.5639956,0.288576722,0.373890847,0.167275801,0.255729258,-0.076251604,1.46086669,-2.073032618,2.070745468,1.246359468,-0.687884569,-0.545574605,-0.247030765,0.728230715,-1.240238547,-1.474257231,-1.071657181,-0.732167125,-0.713660479,-0.442216545,-0.456337869,-0.503838181,-0.821173608,0.515154958,0.308158398,-0.105368875,-0.417160392,0.033326525,0.426367044,-0.001069271,0.864503741,-0.659484863,0.366140842,-0.63756454,0.755290747,0.734596848,1.698241472,0.132371068,-0.380076349,0.181394354,0.494922847,-0.440773576,-1.15676713,-1.478391051,-1.098168969,0.123333767,-0.13760145,-0.254737228,-0.363265574,-0.182537541,-0.143578827,0.376126677,0.532617509,0.394832402,0.308809191,-0.083925441,0.413174599,-0.624729216,-0.251485765,0.017206769,-0.142861679,0.737281203,0.769170582,-0.212643206,0.84299159,-0.684669673,0.70456028,0.386694133,1.173715115,-1.047071695,-0.205195695,-0.779355705,-0.56765008,0.353723973,-0.893873751,-1.916183472,-0.355149567,-0.854229629,-0.205547854
21,0.239713877,-0.193858013,-0.014611335,0.010611553,-0.098054811,0.159533501,-0.117005646,-0.249337777,-0.129181132,0.267204702,-0.090707183,-0.053858843,0.237484753,-0.014042918,-0.000822821,0.191704527,0.345947564,0.056203406,-0.001720381,-0.071385756,0.11541485,0.045444746,-0.062364072,0.140377402,0.023549456,-0.126650602,-0.039615277,-0.171696261,-0.126303405,0.203760207,0.139925525,0.12105681,0.023712516,0.220631316,0.018545518,-0.098292165,-0.142545983,-0.012229361,-0.00865507,-0.062325288,-0.051287699,-0.133603439,0.053825613,0.021893715,-0.108361758,0.037352808,-0.071079381,0.073082633,0.173955515,-0.229202181,0.028427375,-0.114482887,0.122962803,0.071789466,0.091573104,0.268818974,-0.343530804,0.077465385,0.206481904,0.016382452,-0.085714377,0.0239508,0.100069158,-0.014258559,-0.07740429,0.067666285,0.018676562,-0.290528566,-0.056240149,0.002095576,-0.186973244,-0.237453476,0.271293998,-0.012405743,-0.163489938,0.024779733,-0.118165255,-0.048007999,0.010613251,-0.165759623,-0.097590297,0.004328654,-0.103105828,0.187687069,0.142195612,0.044504266,-0.248879001,0.07766936,-0.167890966,0.008152042,0.03932564,0.073075876,-0.13558279,-0.184523582,0.133033037,-0.045784425,-0.164589748,-0.214649603,-0.079304546,0.158846781,-0.032763742,-0.080317058,-0.056363806,-0.083234891,0.35437429,0.098204225,-0.297537744,-0.235048607,0.131835058,0.057645179,0.16610539,0.275296032,0.191278622,0.19373551,-0.052058138,-0.030024039,0.01225497,0.025225859,0.096679881,-0.176832169,-0.005524059,-0.136587903,0.010098333,-0.181210816,-0.108093232,0.086249195,-0.113044403,-0.12763907
22,0.813612223,-0.36305967,-0.511972964,0.048732027,-1.372547388,0.063493408,-1.793484926,-0.838551819,-0.676171482,1.882480025,-1.417333841,-0.644001126,1.487842321,0.157313615,0.056111619,1.787765861,3.385821581,1.615359187,-0.129927978,-0.654922187,0.340502471,0.445846498,-0.775668502,-0.98096031,0.792084038,0.001439347,0.185750157,-1.527880669,-0.095502555,-0.702602148,-0.419420958,-0.385768563,-0.378932625,1.346163511,-0.102596156,-0.384708196,-1.157115221,0.216022208,0.411949128,0.026613934,-1.021541119,-0.066478543,2.017845631,0.32490769,-1.317844987,-0.796732962,-0.376751602,-0.128163725,0.017053995,-0.492515773,-0.521745503,-1.252957106,0.924599707,0.371044129,0.074633405,1.262292385,-1.203591943,-0.424948484,-0.607423306,0.101292491,0.40591073,-0.420343548,0.582947969,0.358439803,-1.141290426,1.882559538,-0.089693338,-0.777170897,-0.572553098,1.298817754,-0.998490155,-0.483055562,1.893706918,1.408964396,-2.306776524,0.104594886,-1.632402062,0.726920962,-0.101005979,1.267936945,0.38685438,-0.196721405,-0.369332701,0.652310669,0.31626597,0.111702986,-1.043874502,0.980829775,0.212616712,-0.716867328,0.358296692,0.045461964,-1.07084918,-1.827932239,0.945290625,-0.381833851,-0.530581355,-0.823481441,-0.219157264,0.55382365,0.638635635,-0.06666635,0.691366196,-0.762254357,2.003866196,-0.242202759,-0.814518869,-0.980352879,1.138837337,-0.039936144,-0.471012235,1.722975373,2.482656956,1.514152169,0.049536303,-0.29368946,-0.748748004,1.548727512,1.274633408,-1.149841905,-0.257469833,-1.746571779,-0.091126986,-0.817247927,-1.177554727,0.108103201,0.224817842,0.336044341
23,0.292904973,-0.171683356,0.035337616,0.02888773,-0.097783558,0.147398591,-0.125682548,-0.214990571,-0.186474591,0.255663723,-0.087770566,-0.058294784,0.190621898,-0.000244363,-0.009347538,0.221591815,0.406852305,0.080435656,-0.013385061,-0.125335261,0.128105596,0.062912263,-0.122704558,0.121674009,0.040202886,-0.138277829,-0.014239098,-0.239710093,-0.164557919,0.12195769,0.147074237,0.134725586,-0.061821755,0.223863512,-0.042345613,-0.153162315,-0.155835509,0.009042551,-0.008700534,-0.077614322,-0.059983473,-0.179961771,0.070592843,0.020556573,-0.072101071,0.029655388,-0.112516515,0.044483107,0.145411342,-0.302993387,0.064634345,-0.086020142,0.054378342,0.167634681,0.103821993,0.318589151,-0.378720403,0.088214397,0.151464522,0.041276217,-0.12590152,0.031753514,0.081749372,0.010642718,-0.165508494,0.026788456,-0.050596774,-0.298421443,-0.05892105,-0.05168701,-0.210122764,-0.202728927,0.226769984,-0.087476246,-0.161599085,0.088197581,-0.094608732,-0.0551764,0.053240549,-0.147445902,-0.104679301,0.087007873,-0.120735794,0.209017843,0.112045556,0.03151207,-0.277211577,0.199485049,-0.212720528,-0.015282349,-0.038367473,0.108477846,-0.234487683,-0.19087702,0.142953053,0.008260556,-0.099419355,-0.174342349,-0.082851619,0.077641159,-0.090889685,-0.109066896,-0.123329163,-0.090956524,0.367044955,0.105952621,-0.306666106,-0.324164152,0.138008907,0.046256747,0.157877073,0.269096762,0.248521358,0.198364899,-0.027903112,-0.07718198,0.020979276,-0.013328752,0.014423096,-0.136713654,-0.055959284,-0.116709739,-0.060292121,-0.252863765,-0.152505636,0.101659119,-0.110511377,-0.120572433
24,0.25878641,-0.110570677,0.080771856,0.015791846,-0.10277275,0.055827931,-0.080872312,-0.172997728,-0.159237728,0.17725268,-0.032665633,-0.029574784,0.015418096,0.03529799,0.047734976,0.067102395,0.272807479,0.103033185,0.026422506,-0.05738185,0.069010139,0.006390761,-0.247873187,0.044899631,0.012377177,-0.063318267,-0.014114344,-0.220708683,-0.157534987,0.061800268,0.065359697,0.047499657,-0.138807669,0.181382746,-0.037306488,-0.147485748,-0.089372993,0.040642172,-0.071568444,-0.024526743,-0.005668095,-0.21297349,0.039904349,0.037857968,-0.040942244,0.023408329,-0.1379482,-0.017978773,0.094589263,-0.279761344,-0.045021288,-0.080997773,0.005787221,0.21654956,0.07348226,0.220215887,-0.283596009,0.030585222,0.117128462,0.039413471,-0.14092052,-0.01178947,0.037248228,0.017925404,-0.120830975,-0.016601708,-0.063647367,-0.270544469,-0.028577646,-0.107768096,-0.066699743,-0.117690794,0.141360134,-0.123731993,-0.048702087,0.057011012,-0.016404731,0.026620233,0.024514455,-0.081272781,-0.086314209,0.148671806,-0.115888365,0.175762907,0.068987712,0.023750845,-0.23667714,0.198376864,-0.140328467,-2.44E-05,-0.044176824,0.064228602,-0.231148347,-0.14344433,0.109142587,0.0837873,-0.015986377,-0.172637329,-0.027571941,0.051067114,-0.067022316,-0.065567322,-0.180685595,-0.12067759,0.191588432,0.03480028,-0.16447939,-0.286029518,0.11589776,0.046337824,0.121056385,0.178702414,0.232972115,0.09067557,0.060313646,0.012463569,0.041953731,-0.003987038,0.025196582,-0.019904215,-0.106357872,-0.112913653,-0.000624803,-0.254842252,-0.173685059,0.025147634,-0.120435387,-0.065688297
25,0.244116291,-0.191887796,0.02560183,0.006743667,-0.047048513,0.123873442,-0.129081309,-0.191182777,-0.119004019,0.299995065,-0.081267826,-0.051216934,0.181331411,-0.010733311,0.031444274,0.236664146,0.29635635,0.101034634,-0.059203412,-0.1333327,0.132580474,-0.012560163,-0.038880374,0.1689298,-0.009143972,-0.156719387,-0.093259506,-0.204327509,-0.11307393,0.179026619,0.15042603,0.075884819,0.032840475,0.146668598,0.008689131,-0.076828539,-0.146280617,0.022967584,-0.033898156,-0.089223355,-0.011957978,-0.11555706,0.057986952,0.02616814,-0.08084105,0.016788747,-0.097232476,-0.008360202,0.145936832,-0.234318405,0.096237808,-0.059512597,0.115147337,0.059567101,0.094244845,0.251879573,-0.308804274,0.066680819,0.191183686,0.034855813,-0.087990232,0.065231115,0.130332068,-0.052067582,-0.148689821,0.002872487,-0.008293965,-0.279654741,-0.09236294,0.034349732,-0.198142573,-0.241472751,0.292917907,-0.025158493,-0.172266588,0.077215075,-0.136408448,-0.050659016,0.04953317,-0.054775372,-0.039669596,0.046175502,-0.053583246,0.112857729,0.073545262,0.064131483,-0.22283791,0.098635435,-0.107530698,-0.011720913,-0.035530075,0.072616018,-0.153395995,-0.188367724,0.138249949,-0.020500422,-0.156282306,-0.158995613,-0.076212876,0.137837172,-0.057017833,-0.140982538,-0.089884065,-0.099824265,0.342919499,0.066610657,-0.29387489,-0.232109368,0.148561254,0.053307556,0.167296946,0.287308931,0.217247739,0.18381831,0.006415958,-0.078135222,0.027098956,0.047601257,0.030017713,-0.196640715,0.002275491,-0.164258063,-0.033313017,-0.150218859,-0.105396658,0.132534057,-0.157086506,-0.123783417
26,0.225367323,-0.158312485,0.039486192,0.016620826,-0.117046334,0.158196926,-0.123461686,-0.182138517,-0.148031697,0.257300764,-0.125669345,-0.084698908,0.239486486,-0.051140666,0.001198997,0.25367564,0.285577267,0.130894631,-0.079819076,-0.139428139,0.148351341,0.008512975,-0.019724969,0.100467145,-0.015530845,-0.141008392,0.000118311,-0.23959519,-0.153118148,0.181185439,0.166604444,0.091582417,-0.049744125,0.224540696,0.036944594,-0.133990765,-0.137936175,0.018490201,-0.056878749,-0.066370845,0.01193148,-0.173353955,0.100154132,-0.016939055,-0.064181827,-0.009930509,-0.135759562,-0.006094073,0.225864932,-0.278294832,0.0855067,-0.08598987,0.188317969,0.104942448,0.109367579,0.319556028,-0.330668002,0.068339966,0.158472583,0.013862042,-0.152291566,0.040495485,0.117934309,-0.031560786,-0.173076242,0.011848356,-0.006943039,-0.277912617,-0.119989768,-0.049253371,-0.198939696,-0.277532935,0.248521477,0.015594669,-0.211346671,0.061398767,-0.180114225,-0.092266925,0.04500439,-0.042772666,-0.050185405,-0.00438958,-0.116738275,0.098859526,0.127369463,0.015157075,-0.223346338,0.132401869,-0.095560044,-0.04406058,-0.069517583,0.123216532,-0.16680409,-0.186014608,0.1573181,0.004882955,-0.081378698,-0.197331131,-0.063314468,0.12762931,-0.057820573,-0.195756674,-0.118923843,-0.124708548,0.395870239,0.110400215,-0.332241267,-0.284826577,0.189603671,0.071980201,0.199998945,0.331292123,0.243061706,0.177889645,0.005979762,-0.071053602,0.080456518,0.067396156,0.014981069,-0.149164379,0.033903182,-0.173492387,-0.073164225,-0.153381512,-0.158231109,0.142514348,-0.163518921,-0.158971786
27,0.135102063,-0.096936353,0.06559886,0.018078031,-0.127754822,0.127978995,-0.106645681,-0.114007168,-0.076866351,0.150093839,-0.135921657,-0.049814995,0.187658653,-0.003039506,-0.052655142,0.143122226,0.126230329,0.163972929,-0.098724529,-0.07260941,0.124437675,-0.00537964,-0.014098518,0.039566837,-0.021552313,-0.06379389,0.051853478,-0.233104959,-0.147730574,0.115421459,0.099582955,0.000991798,-0.134500504,0.190296277,0.069542848,-0.178879172,-0.124250345,0.039323486,-0.106651291,-0.022546031,0.039046466,-0.208081469,0.112551287,-0.066658482,-0.028602101,-0.030515652,-0.146833807,-0.030686231,0.226934388,-0.22538276,0.020446876,-0.109833978,0.176980093,0.127424076,0.115479752,0.203518063,-0.239864841,-0.001468496,0.140007243,-0.004448741,-0.146460369,0.023002302,0.142493412,-0.0917987,-0.174298137,0.004337934,0.015378225,-0.21112375,-0.166281208,-0.106422044,-0.096792102,-0.212648883,0.130881727,0.042413998,-0.137773111,0.030228043,-0.149565503,-0.13572216,0.033692122,0.03287236,-0.01230456,-0.01475922,-0.10670352,0.038314808,0.132224396,0.018748017,-0.148762465,0.065396369,-0.037517738,-0.024894305,-0.081067927,0.095243447,-0.12136133,-0.124269761,0.109547272,0.021302914,-0.005769835,-0.194326416,-0.017842501,0.136821806,-0.017211674,-0.193810552,-0.083502822,-0.112979352,0.301756054,0.047167592,-0.233169794,-0.20411256,0.15244557,0.075103685,0.189835593,0.302669913,0.208315954,0.092294663,0.091000617,-0.036954168,0.131880954,0.078778028,-0.011392156,-0.027850598,0.003714544,-0.125233814,-0.063550584,-0.078905083,-0.134874851,0.115200572,-0.16045846,-0.073975556
28,0.255604655,-0.168243825,0.030437417,-0.001401754,-0.043800041,0.195310041,-0.109651051,-0.203955621,-0.173417941,0.298726797,-0.112408951,-0.08509215,0.198878124,-0.017624581,0.009518316,0.244998693,0.339370728,0.056038532,-0.033301752,-0.140709341,0.158783123,0.019941716,-0.027057396,0.152240425,0.00556701,-0.134302348,-0.050532565,-0.201927498,-0.11600592,0.127807841,0.124967813,0.1092548,0.060919221,0.148397222,0.006128575,-0.118114315,-0.155198783,-0.016501322,-0.021613842,-0.10194543,-0.078512363,-0.126541525,0.051683027,0.017239228,-0.08947856,0.068077557,-0.039911155,0.005611246,0.179556251,-0.281324446,0.092405319,-0.11185883,0.107536554,0.066426046,0.066845782,0.267639011,-0.337434947,0.126309857,0.174582288,0.019194692,-0.106348947,0.015088029,0.123899803,0.001181724,-0.177285448,0.020553822,0.022862514,-0.288411885,-0.059157908,-0.007767479,-0.240826055,-0.297514558,0.302755058,-0.019031966,-0.138223305,0.134122699,-0.090588801,-0.070447713,0.041602846,-0.089592382,-0.074078672,0.023702197,-0.108418807,0.142266452,0.084690645,0.108926393,-0.267291456,0.184454188,-0.172197595,-0.070288531,-0.051792096,0.026704179,-0.193546534,-0.182189152,0.148239851,0.009640063,-0.14288795,-0.191340387,-0.085900657,0.070175514,-0.089431778,-0.122078046,-0.047687721,-0.08019568,0.360922664,0.083713643,-0.334131628,-0.267653555,0.095594078,0.043793604,0.20696944,0.320895791,0.219410777,0.195238009,-0.038386311,-0.061845452,0.054363031,0.061309364,-0.001787985,-0.216152757,-0.053844314,-0.178850099,-0.057069629,-0.208600819,-0.149052694,0.110489793,-0.156579822,-0.127274722
29,0.045144025,-0.105385095,0.110563137,-0.186398625,0.050934821,0.121820919,-0.182113931,0.078064874,-0.119607739,0.125205964,-0.123082422,0.271399319,-0.004528248,0.057710126,-0.033258777,0.107905611,0.007740431,0.033598334,-0.00352997,0.103456162,0.189528927,-0.19730401,-0.211396873,-0.066674992,0.022200111,0.087669559,0.021603692,-0.20424898,-0.019717639,0.097697921,0.034553263,-0.087073267,-0.237053528,-0.044471957,0.129819527,0.069749251,-0.415989101,0.16234912,-0.248510316,-0.092503831,-0.052302063,-0.345140696,0.012485226,-0.002766113,-0.026195612,-0.04261937,0.068291508,-0.05573957,0.169100463,-0.323554814,-0.141154304,0.014951147,0.138230354,0.262947291,0.039795157,0.0705733,-0.40561533,0.231878713,0.186045319,-0.058000892,-0.081888631,-0.10735967,0.145871252,-0.240197763,-0.309178382,-0.281248987,-0.106323317,-0.18723309,-0.049989022,0.051048249,0.105435662,-0.198255792,0.192033932,0.036090162,0.121219814,-0.137514353,-0.015883205,0.101222374,0.107126869,0.218724519,-0.146873042,0.088960692,-0.094367638,0.148071602,0.188009173,0.231462538,-0.172734037,-0.076468095,-0.03094469,-0.190324411,-0.293849051,-0.147455856,-0.226491258,-0.119942799,0.011564703,-0.051523637,-0.058068715,-0.163986534,0.044785891,0.15167363,-0.080253154,-0.129432112,0.02141745,-0.032842275,0.018715559,-0.089325801,-0.107010208,0.061689664,-0.05287379,-0.101324536,0.280728102,0.220918015,0.069943927,-0.048237782,-0.009667441,0.150567591,0.070102707,0.056473307,0.013102896,0.065347642,-0.061797991,-0.168319583,0.021467056,-0.068375595,-0.250721574,0.035220761,-0.178038448,0.061202243
30,0.068997972,-0.180895686,-0.063945428,-0.088133357,0.036577422,0.053711534,-0.077371351,-0.050094694,-0.040620286,0.0347367,-0.055267356,0.102198355,-0.001738489,-0.051952727,-0.013386121,0.15073809,0.108219974,-0.083351113,-0.086173706,0.045322824,0.195095345,0.039548025,-0.108762942,-0.003398927,0.159112141,0.041552477,-0.038878828,-0.153544381,-0.065691315,0.106747068,0.137783334,0.04216465,-0.168621212,-0.003151029,0.049606904,0.01970776,-0.259597093,0.001332099,-0.100265212,-0.088357307,-0.027384719,-0.179099172,0.073613182,-0.083019346,0.019635031,-0.064251073,-0.040380113,-0.177476764,0.107462116,-0.162102655,-0.136490211,-0.117803991,0.137080908,0.091218472,0.096777491,0.061057892,-0.178542078,0.103789926,0.092913181,0.000637109,0.085722774,0.001420377,0.135575309,-0.083166271,-0.12190415,-0.046738114,-0.003338475,-0.153805241,-0.06290976,0.001380992,-0.134213388,-0.215344816,0.187982619,0.160303324,0.025542213,-0.045471452,0.023387736,-0.024323309,-0.059878752,0.013105496,-0.074060582,0.023591833,-0.06988205,0.105509192,0.076390564,0.167850181,-0.133158699,0.04800918,-0.04668881,-0.100335449,-0.148472369,-0.017374037,-0.226544693,-0.151536241,-0.040271867,0.050962169,0.055831909,-0.105535671,0.023377264,0.171621919,-0.02513369,-0.167939588,0.058760658,0.004043305,0.043095551,0.112998143,-0.042987935,-0.134890363,-0.116468243,0.088357247,0.097834162,0.11555104,0.086026758,-0.052957058,-0.104049124,0.073777027,0.211301535,-0.036084771,0.125469506,0.166648,0.032271549,0.019470718,0.117290035,-0.161380082,-0.157138065,0.014298518,-0.178270131,0.011708634
31,0.082485862,-0.137297049,0.008306785,-0.064973034,0.052437022,0.096604228,-0.118987389,-0.11161799,-0.118559867,0.090910345,-0.069632359,0.07779415,-0.022931525,-0.048528794,-0.128581524,0.054180142,0.153367952,-0.092261031,0.006242218,-0.063555837,0.138825923,0.028735735,-0.120464221,0.10642574,0.100923508,0.057434566,0.04838974,-0.208471969,-0.086687431,-0.009035988,0.096522212,0.079666451,-0.117453687,0.042185549,0.012231262,-0.004066645,-0.169581085,0.048802845,-0.068101369,-0.059295811,-0.167269915,-0.104411729,0.061125495,-0.040096745,-0.001970147,-0.005513499,0.039686609,-0.047367517,0.103284478,-0.125661135,-0.109354332,-0.120910473,0.109117985,0.148165718,0.071127616,0.058072876,-0.165159911,0.165809318,0.095553651,0.057437498,0.013012335,0.050351027,0.167347386,-0.088223353,-0.164017841,-0.060205359,0.087098576,-0.11177057,-0.056024835,-0.033437058,-0.088786319,-0.154069275,0.105750993,0.113083087,-0.008580707,0.025563592,0.092398062,-0.067196615,0.034423411,-0.039874822,-0.138819396,-0.006860663,-0.046872552,0.1623144,0.090675823,0.121821024,-0.145076722,0.204200864,-0.047392506,-0.058895145,-0.184487104,-0.104721941,-0.209839121,-0.093660504,0.031898346,0.051468801,0.00234248,-0.102182098,0.008766231,0.138016015,-0.113835618,-0.076487914,0.066998392,0.016533209,0.063259728,0.077287547,-0.121750079,-0.041122396,-0.128580078,0.020282108,0.167930678,0.177651092,0.1097719,0.055292681,-0.024629101,-0.028969092,0.182078868,6.40E-06,0.02649238,-0.009849169,0.039840758,0.008048687,0.046827994,-0.05363531,-0.201541558,0.1052064,-0.041904986,0.01738313
32,0.106139205,-0.205895334,0.030771654,-0.15399307,-0.010630194,0.197504625,-0.078331068,0.084975272,-0.076081134,0.201160967,-0.064006783,-0.03057041,0.02698089,0.076487988,-0.09376771,0.147062525,0.107549734,0.154531553,0.048878253,0.013264883,-0.072536677,-0.042055279,0.022109566,-0.025240296,0.104435608,0.066926874,-0.102438278,-0.027853446,-0.074288838,0.195120618,0.175066873,0.163110048,-0.201531097,0.082505569,0.212396398,-0.00768968,-0.023160104,-0.086496793,-0.062196516,0.0139072,0.123214394,-0.25550586,0.029277377,-0.05119602,-0.025826426,0.00899429,-0.041924622,-0.042046454,0.214033186,-0.129423842,-0.135709271,-0.171967059,0.139167592,0.105888568,-0.028700434,0.124693684,-0.177708194,0.030760838,0.056569297,-0.128176048,-0.100844495,-0.064013667,0.118422225,-0.086805113,-0.134153217,-0.024047356,-0.083752006,-0.205103904,-0.02645646,0.081117585,-0.170676023,-0.096572056,0.204919577,0.060294922,-0.003872359,-0.054567885,-0.086003296,0.02199422,0.011285324,-0.142973125,-0.163748965,-0.06939853,-0.115088947,0.219541505,0.068303563,0.145281538,-0.26924926,0.030548641,-0.007297211,-0.18003647,-0.157559723,0.195024356,-0.142623484,-0.01184709,0.091055676,-0.049648847,0.145552322,0.007099112,-0.040075157,0.25725469,-0.238932699,-0.099224851,0.088688128,0.039538864,0.153553113,-0.038025085,-0.145964235,-0.081679083,-0.257222503,0.163563967,0.180386096,0.191764727,0.156836852,0.003886744,0.038867187,0.066444159,0.227225423,-0.153305128,-0.058165163,-0.001853151,0.125539958,0.015158974,0.02708997,-0.177181572,-0.261933357,0.049884796,-0.122121565,-0.143157795
33,0.121507764,-0.170680165,0.149753883,-0.085750699,0.054923262,0.050360512,-0.133473858,0.047380533,0.010281885,0.04410461,-0.146760136,-0.031607352,0.000352021,0.051589649,-0.142214507,0.064747788,0.083040275,0.019186996,-0.015149821,-0.039266951,0.091921374,0.041820709,-0.162474483,-0.027289551,0.049983788,0.111995749,0.089868672,-0.142752826,-0.176361471,0.062865183,0.161374852,0.066326931,-0.159339011,0.051181644,0.020159921,0.002800537,-0.152392864,0.062540606,-0.102860667,-0.076593257,-0.013264893,-0.20737575,-0.046927661,-0.14015083,0.090372637,0.009055907,-0.030510003,-0.022745486,0.16129297,-0.280699968,-0.073446251,-0.09052816,0.200242549,0.128698394,0.01463198,0.108068675,-0.255562216,0.097174682,0.073055752,-0.01671366,0.101042397,-0.045302652,0.123075016,-0.120874934,-0.263869196,-0.066254564,0.030007724,-0.124967203,0.016357638,-0.043723501,-0.025509156,-0.112364598,0.046577882,0.238860071,-0.04399069,-0.018201178,-0.068308197,-0.020239927,0.083503455,-0.026182173,-0.110602856,-0.024430752,-0.089548312,0.072957233,0.116738439,0.069188967,-0.160301328,0.069020852,-0.056758687,-0.142620042,-0.160388663,-0.011825687,-0.133009106,-0.089360423,0.028863348,0.025049567,0.02576966,-0.182020292,0.061215408,0.161920816,-0.062022854,-0.149370134,-0.025778128,-0.033665031,0.055898197,0.132167265,-0.065928504,-0.085526168,-0.061211348,0.000186672,0.159085259,0.222009644,0.118114144,0.039455261,-0.057170957,0.015251562,0.128811568,0.049303621,-0.02387872,-0.026041582,0.214720935,-0.153106317,0.024740685,-0.070460342,-0.20543173,-0.006281547,-0.158234999,-0.024519304
34,0.102162451,-0.160035804,0.033309661,-0.074431762,-0.076365203,0.19079487,-0.087143183,-0.112575918,-0.12199904,0.01017238,-0.09001448,0.080360368,0.03769096,0.077621713,-0.018274866,0.117379159,0.142267123,-0.049117632,0.025606267,-0.072580397,0.106877461,-0.059208073,-0.108191915,0.05144963,0.045074251,0.027776076,0.000624199,-0.080396369,-0.056782585,0.110545464,0.155356199,0.104951628,-0.144508764,0.16550757,-0.028232735,-0.042985592,-0.158255041,-0.001773764,-0.074777171,-0.057140369,-0.058468599,-0.134770125,-0.008518331,-0.055653233,-0.023995759,0.039880358,-0.059672918,0.050039906,0.137487829,-0.293201417,-0.104537264,-0.112532675,0.007690732,0.150736347,0.064260483,0.112864904,-0.188670352,0.116904296,0.098610029,-0.053860929,-0.040224329,0.045130275,0.143322602,-0.098945782,-0.172551274,-0.073022611,0.08246623,-0.17168209,-0.023456337,0.008316474,-0.061429191,-0.110205747,0.091051891,-0.004606159,0.004795108,0.073960401,-0.005852486,0.008300359,0.08017955,-0.008186539,-0.115690514,0.047381129,-0.126627982,0.152797833,0.115567662,0.193055093,-0.218058676,0.109939516,-0.00118301,-0.076664723,-0.210967496,-0.009045021,-0.19935368,-0.125900552,0.105863459,0.03744965,-0.023061648,-0.09520106,0.050986379,0.107813194,-0.130462885,-0.007964233,0.0498881,0.004607481,0.0257199,0.051742483,-0.139426365,-0.046290863,-0.09091296,0.052913345,0.14042002,0.130923346,0.106235445,0.114130355,-0.048101801,0.031089155,0.09281902,-0.035305995,-0.010195549,-0.002863008,0.050773349,-0.04794094,0.033656765,-0.098889694,-0.243468463,0.04980737,-0.065349884,0.004817308
35,-0.120913982,-0.189055234,0.219322577,-0.013058894,-0.049548045,0.168837041,-0.062062547,-0.000885169,-0.084125556,0.007767528,-0.074844144,-0.005913342,0.05603845,-0.11178793,-0.172255471,0.308241725,0.053316485,-0.087552339,0.145366654,-0.058554273,0.178334519,0.049518488,-0.039552677,-0.100140795,0.096939512,0.096188717,0.082284242,-0.009663803,-0.081424087,-0.176360175,-0.018129073,0.138713449,-0.020636298,-0.220112786,-0.081110813,-0.080278881,-0.134048596,-0.2179517,-0.011486183,-0.246613085,-0.128748059,0.008347547,0.144431964,-0.058916993,0.108893119,0.104850054,-0.068058029,-0.117695697,0.015692309,-0.300662309,-0.265693963,-0.204458699,-0.027900886,0.14394404,0.048371281,0.21252811,-0.144306451,0.163686007,0.071904726,-0.081599891,0.14058426,-0.174491078,0.060356129,0.177749053,-0.166234642,0.02513439,0.224594563,-0.122773394,-0.099614434,0.061891008,-0.230285257,-0.05186845,0.038953457,0.03243598,0.169071227,0.135776237,0.195639074,0.046473254,0.051017452,0.092806458,-0.197163016,0.117306739,-0.104660273,0.051224716,-0.105366506,0.07529781,-0.300951689,0.094642162,-0.109602548,-0.035573285,-0.158964261,0.079620369,-0.171367481,-0.130532414,-0.009518929,-0.077220008,0.089127585,-0.183722511,-0.001179986,-0.059452716,-0.206837967,-0.119487554,0.168820888,0.086085834,0.159454703,-0.05210204,-0.216878191,-0.229301438,-0.152215123,-0.111632444,0.09415593,0.258452773,0.136539608,-0.154543817,-0.116292551,0.052976716,0.132930085,0.104167566,-0.025538903,-0.014407662,0.012109628,-0.140818059,0.006871695,-0.185252041,-0.144154966,-0.067512929,-0.087361477,-0.193894565
36,0.029407337,-0.196170107,0.028946551,-0.040160585,-0.108715728,0.080058284,0.024280136,0.001957471,-0.13289322,0.057491217,-0.100436538,0.041509714,-0.02219261,-0.011066141,-0.105427898,0.078297637,0.138043925,-0.115387671,0.101810284,0.049965262,0.058728684,-0.04787932,-0.211778328,-0.060987554,0.080050811,0.054755367,-0.016550818,-0.091727175,-0.073467165,0.169326141,0.102314726,0.038294386,-0.181767583,0.029836755,0.0913807,-0.07999678,-0.123062514,-0.012540852,-0.144322291,-0.104109064,0.016798157,-0.187590629,0.002740679,-0.053818103,0.024604883,0.012857583,-0.01166858,-0.085773766,0.146649748,-0.159604743,-0.211016133,-0.147433847,0.1480432,0.218682185,0.033816941,0.155694842,-0.17029196,0.122658998,0.099264994,-0.097607709,0.006073312,-0.017669167,0.124891505,-0.044052027,-0.026957354,-0.091102548,0.003567358,-0.099774316,-0.073509499,0.001779065,-0.074160583,-0.114576586,0.114415616,0.04886093,-0.002093144,-0.050293062,-0.011527759,-0.003814399,0.069844723,0.047406692,-0.113713361,-0.046093695,-0.113363288,0.12623933,0.12892583,0.148567662,-0.127305806,0.026968816,0.010378972,-0.164928079,-0.19748579,-0.004242729,-0.225810498,-0.088476211,0.002340809,-0.002605153,0.087174304,-0.20146662,0.087883189,0.080118626,-0.063670866,-0.011873703,0.099255055,0.010785948,0.106923439,0.03961109,-0.066903926,-0.082230426,-0.100225337,0.056404062,0.088793568,0.116589762,0.053298172,0.055466708,-0.117972463,0.094798125,0.203275993,-0.062013544,0.0912783,0.087548003,0.01905041,-0.080837436,0.100720555,-0.002332958,-0.206554294,0.045339745,-0.152065188,-0.025663497
37,0.006465607,-0.215664789,0.412931502,0.079692729,-0.105307452,0.462636322,-0.174323365,-0.134027675,0.025721664,0.047644254,-0.338151187,0.117223889,0.054376729,-0.180073097,-0.199543983,0.170218945,-0.051354412,0.004730126,-0.201218128,0.045478299,0.029959718,-0.125667527,-0.128634363,0.13485083,0.112768821,-0.036413856,0.154046297,-0.310421914,-0.275394499,0.030515876,0.123130739,0.109335087,-0.280454218,-0.047791723,0.054899968,-0.241040066,-0.041875321,0.065363839,-0.175107226,0.00987433,0.025551969,-0.541347206,0.246541351,-0.270373374,0.024925655,0.097454756,-0.321316272,-0.088132769,0.392712712,-0.573470473,-0.170918986,-0.265249997,-0.067517594,0.2567662,0.015769498,0.150839642,-0.355779916,0.085615255,0.113156602,-0.2569336,-0.071160182,-0.090433888,0.233975634,0.038404562,-0.280116647,-0.263017148,-0.052619498,-0.298709571,-0.267320961,-0.154811472,-0.03526777,-0.360668898,-0.040609457,-0.134169042,-0.10633795,0.077049218,0.186386928,0.084434144,0.125450268,0.220180139,-0.050648026,0.029897433,-0.075934835,0.268226594,0.326334119,0.243388206,-0.153588414,0.28840223,0.207710996,-0.208853558,-0.442722589,0.027613476,-0.242123723,0.050577566,0.308014631,0.034386862,0.219063133,-0.073059656,0.28553167,0.100421146,-0.087712802,-0.194345459,-0.130178317,-0.211254388,0.338004887,-0.112534307,-0.063296378,-0.276198626,0.053103942,-0.105704799,0.320352226,0.613556802,0.333008558,0.259420782,0.074208066,0.109053954,0.137587383,0.038778365,-0.437692583,-0.017118331,0.30155763,-0.050852556,-0.378267944,-0.248010054,-0.267119735,0.044297419,-0.340740025,0.086100608
38,0.157127261,-0.229976356,0.058069531,-0.096839026,0.214876071,0.082806721,-0.193626061,0.214553654,-0.243073374,-0.003078677,-0.071495607,0.094233766,0.043698747,0.078555658,-0.225689143,0.310736626,-0.055021781,0.178752527,-0.102547728,-0.001571678,-0.016120149,-0.327703893,-0.212953165,-0.229203448,-0.081252724,0.239370555,-0.147403479,-0.183309242,-0.16481632,0.378284991,0.282061636,0.235015675,-0.152488142,-0.180757493,0.38878268,0.088877752,-0.499264985,0.281057745,-0.424469203,-0.128247574,0.161095187,-0.563079298,-0.08195103,-0.123712942,-0.018393151,-0.08820945,0.048047189,-0.237107843,0.291074097,-0.36732012,-0.151017413,-0.233992562,0.434371531,0.054233655,0.020685626,0.343357295,-0.562320769,0.211603388,0.222778246,-0.331821233,-0.233833164,-0.248156235,0.218055651,-0.163420066,-0.402943105,-0.166399941,-0.410817236,-0.33577314,-0.121519811,0.117981777,-0.126017109,-0.104326382,0.216090441,0.138256356,0.240194082,-0.346362412,-0.133927658,0.060153428,0.117464185,0.432008237,-0.158219218,-0.06821733,-0.213018715,0.091817386,0.250105381,0.201286644,-0.261225939,-0.353791684,0.076077081,-0.344218194,-0.257126153,-0.05130922,-0.193235666,-0.441522807,-0.374427557,-0.312206775,0.111795805,-0.090214707,-0.036623675,0.380250871,-0.419907182,-0.199538514,0.058824789,-0.033809111,0.23611927,0.05084382,-0.124756463,-0.102489978,-0.017266216,0.038069222,0.236640602,0.215995908,0.020645762,-0.055673823,-0.187268704,0.113563746,0.126581192,0.035603922,-0.180738702,-0.014793201,0.44808501,-0.213711292,0.132493928,0.183292344,-0.665479183,0.179019466,-0.423416018,0.082800969
39,0.144711077,0.310961843,-0.083065443,-2.491589308,-0.408557892,0.228465304,-1.472597361,-0.277083099,-1.751926303,1.125297189,-1.140311241,1.213552594,-1.40243113,-1.226486564,0.497535914,-0.048312906,-0.517768204,1.17950213,-2.323946953,-1.383923292,0.842626691,-0.296272814,-0.480263591,0.010594171,1.198304057,-1.153704762,-1.296904802,-2.246722937,0.664087415,0.243596047,2.412990332,1.076244593,-0.876137495,1.867768407,-0.337153584,-0.600127459,-1.877475381,-0.351540476,-0.401200324,-1.612469792,-0.629777789,-0.956682861,-2.230213165,-0.1157213,-0.493132561,-0.455623686,0.231049567,-0.036851157,1.146393538,-2.106961727,0.865793288,0.177398443,0.717583001,-0.192784712,-0.012557805,1.801999688,-2.692501068,2.04825139,1.382110357,-1.094448566,-0.601421773,-0.104233146,1.008715153,-1.435051203,-1.428943276,-1.090004325,0.133860379,-0.525178015,-0.989129663,-0.788934767,-1.191585302,-0.820469439,0.407060087,0.392486989,-1.277885914,-0.505303979,0.124136262,0.431059927,-0.330557495,0.562436759,-0.971140027,-0.244317353,-0.711763084,0.507249892,0.718389094,1.918096542,-0.465618193,-0.149114117,0.521926641,0.7641325,-0.304226518,-0.329739034,-1.335155725,-0.408884645,0.752868116,-0.81482321,-0.232185498,-0.3379713,-0.378627658,-0.560014307,0.72921139,1.044789314,0.396712273,-0.079037517,-0.118958093,0.354595006,-1.007064223,-0.624604642,-0.293138474,-0.158818722,1.259109259,0.961510539,-0.283071756,1.590464354,-0.865638614,1.239686608,0.684731603,0.502182901,-1.555560112,-0.369926155,-0.052491583,0.482741714,0.600771308,-1.887308002,-2.898984194,-0.18093805,-1.473609447,-0.096844733
40,0.718744993,-0.68220365,0.215640441,-0.907361984,0.154002026,0.560037374,0.047860384,0.299275398,-0.984694362,0.200587884,-0.498259246,0.841345847,0.621998668,0.667742491,-0.671660364,0.3379803,-0.493331283,0.16703555,-0.600178301,0.731740534,0.207052335,-1.635094643,-0.454394788,-0.351137042,0.06522125,0.492446721,-1.20631218,-0.405913055,-0.474334091,0.724794745,1.378781796,0.106077701,-0.425002426,0.184105158,0.104903236,0.280133665,-1.410941958,0.846011221,-1.372076154,-0.745678127,0.4863379,-0.802919269,-0.892136514,-0.247066349,-0.005450071,-0.0956432,-0.023498952,0.02020113,0.158847883,-0.810276985,-0.463330835,0.017871501,0.760397017,0.671625972,-0.09076333,1.290540576,-1.196734905,1.261036396,0.683311224,-0.688886046,-0.457138181,-0.62721318,0.282247037,-0.186307684,-0.853671789,-0.359313309,-0.976983726,-0.563915193,-0.380156845,-0.314879805,-0.465469003,-0.526743889,0.735653162,-0.188814491,0.81637311,-0.801772177,0.013832609,0.101802826,-0.396936834,1.115145922,-0.134969428,0.331805348,-1.00854826,0.593624175,0.671664715,1.213013887,-0.435148299,0.038960855,0.725187123,-0.12222185,-0.704133809,-0.613796115,-1.190251946,-0.948970079,-0.517442405,-0.061721668,-0.162688345,0.160188451,-0.362058014,0.21389778,0.013495442,-0.296340406,-0.637896836,-0.158496767,0.402743876,0.535794914,0.11058823,-0.258066505,-0.10450431,0.023608474,0.423862904,0.228531018,0.057105392,0.619196653,-0.558015764,0.279394299,0.255570233,0.649594784,-0.861397505,0.006171742,-0.010234122,-1.087159038,0.338736475,0.206234798,-1.595838308,-0.36311388,-0.917057216,0.379706264
41,0.272639364,-0.143540829,-0.022825539,-0.831984103,0.038113661,0.375371128,-0.346402109,0.089157313,-0.591379285,0.265162081,-0.32932511,0.658956885,-0.015032131,0.119170994,-0.153481334,0.073092133,-0.085002728,0.225960031,-0.393067718,0.230794936,0.394885212,-0.654740691,-0.152918577,-0.076592885,0.275931329,-0.05408261,-0.751316249,-0.513627946,-0.090084255,0.326739013,0.804724097,-0.023071218,-0.405609131,0.359638155,-0.187190965,-0.09357249,-0.76913017,0.330189347,-0.53997618,-0.518194199,-0.206000492,-0.254274338,-0.767522097,-0.156962305,-0.123506226,-0.038111702,-0.061073367,0.114283323,0.157800168,-0.498344183,-0.096662179,0.125722572,0.202839985,0.326687634,-0.130999923,0.577216208,-0.630792975,0.875937402,0.463335484,-0.102544218,-0.138177484,-0.152455017,0.387418598,-0.198671266,-0.547542095,-0.17481865,-0.204861417,-0.271470755,-0.113184407,-0.151607797,-0.301383644,-0.381707102,0.293178558,0.095063396,0.026605848,-0.256923169,-0.022371648,0.039972454,-0.117347293,0.568068922,-0.251647264,0.153891146,-0.384268165,0.28597948,0.257336468,0.726117134,-0.099825121,-0.080894895,0.314963669,-0.046477944,-0.339735985,-0.253825516,-0.651525736,-0.315137118,0.132103339,0.097436056,-0.339588404,0.005727938,-0.073283248,-0.101298437,0.146719515,0.047709223,-0.190992653,0.166902587,0.098530993,0.127342969,-0.026558664,-0.224358514,-0.256064028,0.065718144,0.396100104,0.194795191,-0.017166754,0.489354223,-0.505304813,0.193876863,0.196631894,0.494819403,-0.310371041,0.021402664,-0.212282524,-0.444801569,0.045761693,-0.217298359,-0.655991971,-0.254446208,-0.511203289,0.053893704
42,-0.278804421,-0.8489061,0.069495961,-0.499889284,-0.05402467,0.276077241,0.035674427,0.480284005,-0.256692529,0.34488374,-0.393298835,0.684695303,-0.525745392,0.089546345,-0.102142081,0.661090314,0.148785993,-0.254206687,-0.557180703,0.724388003,0.84971714,-1.26289165,-0.484293938,-0.349454522,0.252361119,0.151751757,0.061641183,-0.179493338,0.308731586,0.612784386,0.258853465,-0.516924202,-0.921762824,-0.626217782,0.878135026,-0.10044425,-1.142175078,0.598019123,-0.815451026,-0.93039763,0.595309436,-0.923361361,-0.320127189,-0.110841669,0.11094369,-0.036292974,-0.449619889,-0.332053691,0.476364285,-0.902007937,-0.640369356,0.088905714,0.713294387,1.435564637,0.122454777,0.654594898,-1.017588973,1.172039747,0.734445453,-0.468791425,0.200084835,-0.261105776,0.296946645,-0.110403076,-0.925267637,-0.943837225,-0.090817861,-0.750911713,-0.370297343,0.682826698,-0.148374423,-0.545091927,0.741234422,-0.530325174,0.286658168,-1.092477083,0.378247947,0.353960216,0.090034164,0.618804395,-0.04628903,0.078421742,-1.111017704,0.119702473,0.585951805,0.696503997,-0.549068272,-0.076556042,-0.079873949,-0.469179273,-1.146191955,0.179708943,-1.039555907,0.056632254,0.070992298,-0.458816737,-0.507767439,-0.480091959,0.000396041,-0.172622338,0.028691402,-0.74663651,-0.258552194,-0.067358628,0.269930512,-0.393945336,-0.390149772,-0.164068893,-0.195605502,-0.381540805,1.075369477,0.247961149,0.204609498,-0.222268686,-0.563053548,0.48562485,-0.083184756,0.424430698,0.310153753,0.330801785,-0.183456972,-0.687674105,0.566236138,-0.209193274,-0.902957439,-0.147807822,-1.247699142,0.128015414
43,-0.089709528,-0.245015785,-0.03441127,-0.675463378,0.102384515,0.205061004,-0.352070093,0.048425715,-0.393992186,0.356379479,-0.307992905,0.817287683,-0.322974056,0.079782508,0.02979489,0.233969256,-0.011564687,0.161201715,-0.48286885,0.398565054,0.591329157,-0.694862485,-0.365588039,-0.184759259,0.27287662,0.101338811,-0.234944716,-0.401749283,0.191368937,0.314392805,0.552766681,-0.256713212,-0.713678956,0.002682869,0.088481136,-0.129613727,-1.012312174,0.433457226,-0.540274382,-0.562969327,0.206045032,-0.511665225,-0.510479867,-0.059811804,-0.051130608,0.061301298,-0.052783396,-0.112890385,0.250284672,-0.699172139,-0.084388345,0.142625943,0.285683066,0.69643563,-0.062317196,0.349295765,-0.934788048,1.021351457,0.374628276,-0.121973671,0.026264794,0.128697589,0.320342749,-0.378984243,-0.809177339,-0.828558803,-0.08628913,-0.335144252,-0.11911273,0.091927253,-0.007609262,-0.602831364,0.405608535,0.086359337,-0.046207242,-0.529560328,0.072781995,0.238316044,-0.044659387,0.472693145,-0.261213154,0.25177595,-0.553491175,0.246949986,0.429189533,0.577950597,-0.245851949,-0.207600072,0.064736947,-0.291977346,-0.667194188,-0.141153976,-0.759609818,-0.185786843,0.032555677,-0.199421257,-0.469297975,-0.189472154,0.067631312,-0.197453544,0.164302185,-0.334277213,-0.3401317,0.03078749,0.013862421,-0.067304961,-0.199462608,-0.091844946,0.006168805,-0.230257854,0.778742969,0.291882426,0.093565099,0.206420138,-0.439840615,0.417123139,0.066540919,0.442666173,0.088542014,0.125406906,-0.246396363,-0.3992562,0.312602341,-0.356345177,-0.400684208,-0.20579946,-0.702160895,0.087441117
44,0.006909862,-0.196924612,0.090632461,-0.013129179,0.088859178,0.073839329,-0.085863002,-0.062658839,-0.00789404,0.018835161,-0.107546672,0.04486724,0.038214587,0.031701669,-0.091207221,0.044135105,0.116879493,-0.006444657,-0.022939265,-0.097437918,0.075906701,0.079802223,-0.039310988,0.065909795,0.075076766,0.086243398,0.149565399,-0.11391376,-0.077646926,0.023978915,0.058681916,0.030280346,-0.087569244,0.035355721,0.046490315,-0.003025331,-0.140698195,0.081517778,-0.0791163,-0.064896971,-0.108500913,-0.19845508,0.041874506,-0.112694658,0.015984075,0.013686106,0.070365168,0.007835801,0.033110805,-0.135193199,-0.168367907,-0.144624189,0.206749931,0.133645803,0.056105498,-0.058243852,-0.178305835,0.075425535,0.168630004,0.042627636,0.036519233,0.038578942,0.180039421,-0.151711062,-0.19305943,-0.028356263,0.092822544,-0.130225047,-0.051815014,0.009304567,-0.035598736,-0.085092373,0.07326483,0.193226457,-0.043149661,0.0662008,-0.03873305,-0.14229396,0.054350585,0.008997818,-0.125082076,-0.043536983,-0.020903291,0.03797153,0.251464099,0.227744356,-0.140945256,-0.019123392,-0.033225093,-0.072130807,-0.176005453,-0.059732873,-0.128195748,-0.033831682,0.037020322,0.061772436,0.088065207,-0.142431498,-0.038898796,0.23692742,-0.109760098,-0.021980714,0.102382436,0.005640342,0.125771672,0.035066906,-0.128379002,0.130378246,-0.170434922,-0.029007416,0.205675125,0.240546912,0.115909189,0.055815816,-0.004135926,0.025241282,0.174182847,-0.014645983,0.035258852,0.006544221,0.065393582,-0.050996557,0.025531491,0.045715451,-0.14862299,0.090144515,-0.063485511,0.039023221
45,-0.017093657,-0.160166875,0.025192367,0.045241375,-0.096384265,0.058982927,-0.071353592,-0.035803117,-0.064221963,-0.020486288,-0.056828182,-0.033692554,0.034086194,-0.015470788,-0.081120834,0.057527103,0.100421607,-0.142450988,-0.060431287,-0.003921013,0.143039748,0.002552759,-0.178084046,-0.022809386,0.060819596,0.020655671,0.065572627,-0.063560747,-0.147399604,-0.005511952,0.028245682,0.100488849,-0.139565274,0.054008245,0.063556843,-0.015650909,-0.058569618,0.037898824,-0.136968464,-0.114397049,-0.075947717,-0.183049545,0.128447428,-0.035115004,0.040582977,-0.047695622,-0.111016579,-0.066402964,0.074151337,-0.168566942,-0.255608678,-0.144061565,0.132138222,0.164354518,0.009178547,0.03062045,-0.080507994,0.002482633,0.092771418,-0.06071274,-0.003369771,-0.054964647,0.052316874,-0.051946111,-0.085556127,-0.033059791,0.005652559,-0.074088894,-0.041899573,-0.005497445,-0.064028911,-0.043894514,0.041805238,0.017277997,-0.001448058,0.044790488,0.021837682,0.029823171,0.076439507,-0.031306166,-0.144501373,-0.000425413,-0.122838855,0.096092045,0.122722134,0.04668526,-0.083643615,0.136040315,0.009978077,-0.074103564,-0.16793856,-0.10080646,-0.22489056,-0.018369246,-0.061306261,-0.030243747,0.126056507,-0.120297156,0.022615008,0.117818922,-0.03642429,0.019128226,0.088075913,-0.099072099,0.093896329,0.016239462,-0.085847422,-0.015445876,-0.059734125,-0.027184846,0.031631865,0.162829101,0.137713701,0.011705748,-0.01834281,0.083737738,0.120865196,-0.059058156,0.036449306,0.104202874,0.074570321,-0.025921479,0.065396056,-0.035963558,-0.179035172,0.044802144,-0.075538039,0.044179425
46,0.170120984,-0.26193881,0.022039592,-0.24639304,-0.019037232,0.328659445,-0.179912657,0.253841698,-0.038524017,0.364772767,-0.074724115,-0.085407116,0.106463611,0.101496913,-0.13017951,0.253042847,0.168124229,0.290629178,0.134022474,-2.82E-05,-0.185762465,-0.121154897,0.123988017,-0.048825752,0.276046097,0.123220108,-0.319707334,0.066565104,-0.11439921,0.37368834,0.335350841,0.279679328,-0.21578221,0.167886198,0.369526386,0.101223662,0.046183269,-0.125545248,0.061450638,0.04845437,0.243291125,-0.336005479,-0.035148416,0.002336866,-0.10218136,-0.086578876,-0.002403618,0.039258149,0.324978203,-0.115274325,-0.183121487,-0.172019616,0.161215499,0.084246434,-0.124553323,0.231956452,-0.167640135,-0.028059121,0.094903611,-0.229238465,-0.10898333,-0.142586276,0.162193477,-0.15998818,-0.106953122,-0.014413771,-0.13613075,-0.321731329,0.109725893,0.220837519,-0.302940935,-0.128998429,0.272701263,0.085527547,0.072610565,-0.054919459,-0.259698153,0.110463142,0.031450778,-0.225393206,-0.175845474,-0.074116088,-0.06253019,0.340108275,0.067192785,0.198234141,-0.330313832,-0.015273578,0.011148412,-0.299972504,-0.210391372,0.426243961,-0.13467671,0.072163977,0.158873379,-0.09194497,0.262995034,0.110838123,-0.097569726,0.386980444,-0.457517803,-0.118243597,0.198931813,0.113468073,0.150612742,-0.065563731,-0.317618072,-0.108581148,-0.459470034,0.391440392,0.225017115,0.176744521,0.22940813,0.095698439,0.04168357,0.029721433,0.26305452,-0.321486562,-0.130359218,-0.010210457,0.238202259,0.072424866,0.051626112,-0.287352979,-0.360426545,0.08187142,-0.170142442,-0.223508
47,0.246385157,-0.422071576,-0.024246734,-0.338212311,-0.053125374,0.507557988,-0.247576162,0.271348625,-0.060042135,0.57188201,-0.142711163,-0.052992478,0.252701491,0.228046715,-0.17975387,0.242387787,0.273698807,0.269495398,0.15479435,0.065249056,-0.134613857,-0.074572891,0.217674419,-0.017569674,0.362322301,0.167806134,-0.378779471,0.033547383,-0.107639484,0.455292761,0.443955481,0.405843705,-0.410956055,0.315779507,0.413696021,0.055751592,0.017666362,-0.197250202,0.027897567,0.055377588,0.231069937,-0.434041798,-0.062816948,0.052655317,-0.133900478,-0.082262814,-0.08416266,0.009063629,0.503295243,-0.272919834,-0.270801514,-0.275770783,0.060159903,0.134552792,-0.131971925,0.259756237,-0.24728334,0.016666546,0.124981694,-0.292202741,-0.211675048,-0.127870098,0.233795047,-0.148025781,-0.212132201,-0.023852369,-0.177110657,-0.417808384,0.137800872,0.2133324,-0.350625098,-0.265979677,0.382078499,0.024745841,0.082541794,-0.0183322,-0.29828763,0.049020708,0.018800976,-0.435072809,-0.315255582,-0.025744338,-0.138689384,0.589449584,0.12774992,0.230417535,-0.458588928,0.011800104,-0.028490547,-0.279498547,-0.260518283,0.55109036,-0.229678199,0.062729672,0.31263715,-0.036506202,0.262023717,0.112681083,-0.022144455,0.533199787,-0.569607735,-0.141817063,0.258199543,0.098235704,0.272556365,-0.040993661,-0.340034366,-0.135505587,-0.650052071,0.487612456,0.321087509,0.37670067,0.335976988,0.165138423,0.027372396,-0.026492897,0.451129109,-0.480014443,-0.145506859,-0.007218101,0.222423032,0.169334963,-0.094626188,-0.434954703,-0.452925891,0.148133293,-0.122214139,-0.395233214
48,0.158128977,-0.188194916,0.093425043,-0.182189286,-0.028226523,0.286859632,-0.166270122,0.236340269,-0.105764449,0.09002348,0.003456424,-0.076886825,0.14267607,0.044069771,-0.038190588,0.332124233,0.126981363,0.27829805,0.179882482,0.006098154,-0.157523319,-0.091890074,0.094875298,-0.166440427,0.309370846,0.114962839,-0.293348789,-0.051945008,-0.184433088,0.331871688,0.378021628,0.414069355,-0.211382627,0.150428489,0.270438641,0.045204278,-0.04901585,-0.120862223,-0.026759217,0.021001432,0.225037962,-0.333459437,-0.116727561,-0.016004847,-0.0689594,0.004275533,-0.034405075,0.077035092,0.318517178,-0.209696829,-0.195549875,-0.173549116,0.259186476,0.086648174,-0.150884032,0.179212034,-0.194255859,0.035741944,0.07849136,-0.17387031,-0.060222343,-0.033119783,0.22927241,-0.21240449,-0.133081645,-0.06250903,-0.064140573,-0.316138923,0.179844901,0.275762558,-0.274302423,-0.171203867,0.210776329,0.193878666,0.045757044,-0.092517883,-0.31423372,0.072619371,0.050552685,-0.143745795,-0.273286372,-0.119367346,-0.141233802,0.337691307,-0.014292989,0.087659255,-0.382239431,-0.164660618,-0.037502144,-0.35050872,-0.231311232,0.357597739,-0.148363769,-0.111948825,0.095373154,-0.162752077,0.226003945,0.032985851,0.034319714,0.308397561,-0.476702362,-0.183433607,0.183029175,0.155048877,0.073367923,-0.003189339,-0.250199437,-0.291056126,-0.244720921,0.405113041,0.195018098,0.127980411,0.250061899,0.010604968,-0.055219226,0.262999833,0.319169551,-0.234267652,0.004416606,-0.043985948,0.297699273,0.008183675,0.084056191,-0.214516327,-0.302183479,0.078357235,-0.192251682,-0.364373952
49,0.056755301,-0.110053517,0.036136623,0.017429616,-0.085434996,0.134793982,-0.041520573,-0.004912098,-0.0822035,0.079745576,-0.090036467,-0.037717108,-0.010678072,-0.034215979,-0.04252059,0.099420346,0.160207286,-0.116115943,0.047925867,0.009349231,0.15677309,-0.044345941,-0.100889467,-0.077816986,0.0680397,-0.027192235,0.057880633,-0.131705776,-0.049360819,0.018859068,0.104954422,0.011368999,-0.175175637,0.070376895,0.026502533,0.053093672,-0.052054286,0.059179373,-0.088393323,-0.086210176,0.028909039,-0.127107561,0.041748982,-0.055805765,0.051851876,-0.032606129,-0.05453638,-0.196518749,0.029214347,-0.139299214,-0.274888456,-0.152119428,0.074471727,0.167464301,-0.033680439,0.176021203,-0.094854183,0.139676303,0.086923875,-0.04582664,-0.006711754,-0.019554451,0.107718758,-0.034731675,-0.050499517,-0.054363694,0.049884442,-0.074625395,-0.06738726,-0.048555557,0.013940214,-0.030757949,0.097105302,0.012980124,0.022896398,0.016376438,-0.006226605,0.020776536,0.081852362,0.128030136,-0.132045224,-0.027542144,-0.126965702,0.071599193,0.078698575,0.165010095,-0.084794074,0.01124153,-0.030771598,-0.113088898,-0.218818858,-0.09884657,-0.188652724,-0.080230989,-0.031971134,-0.021006739,0.087298825,-0.169924319,-0.004626597,0.055953059,-0.045344546,-0.129171878,0.082155645,-0.019679142,0.161955893,0.003253983,-0.02604161,-0.057063654,-0.150113553,0.022178385,0.081553102,0.086706892,0.118135341,-0.036626872,0.032950696,0.072279945,0.077050768,-0.00553132,0.056839172,0.063280143,-0.071443498,-0.073451735,0.044923905,-0.016698726,-0.230469003,0.028664866,-0.120868951,-0.013428289
50,0.075109221,-0.083373278,0.068870343,-0.103134781,-0.038132053,0.067767315,-0.053018007,0.035238344,-0.067239434,0.035868317,-0.102406211,0.003290709,0.021998793,-0.054576479,-0.064264432,0.021922119,0.15401192,-0.081600271,0.061246775,-0.031661205,0.093176402,0.020431427,-0.239271119,0.018455824,0.087420247,-0.014373817,0.016675029,-0.18540813,-0.109566875,0.078171402,0.055955287,0.055866104,-0.167004555,0.09437684,-0.029945934,-0.044997711,-0.151088774,-0.0068784,-0.105202898,-0.034396667,-0.023137361,-0.189923391,0.046615276,-0.041135956,0.052662868,0.029785944,-0.043131795,-0.037630003,0.089550421,-0.150189474,-0.163174391,-0.014664126,0.034028612,0.132117301,0.016321251,0.149404749,-0.193975136,0.160019338,0.057167184,0.027751328,-0.017171422,-0.026538823,0.147984236,-0.063416891,-0.073052019,-0.048732705,0.05271161,-0.162426889,-0.019594921,-0.079089135,0.026781032,-0.128421068,0.137949169,0.001485988,-0.077956215,0.0910317,-0.010156977,-0.095080957,0.09471795,0.067623824,-0.08389964,0.012370643,-0.032465931,0.153420225,0.112965368,0.148814395,-0.089598551,0.086220711,0.002855584,-0.051214132,-0.172919691,-0.108940393,-0.217179239,-0.108469166,0.027891541,0.00889828,0.014759406,-0.183540374,0.048168268,0.066963047,-0.003405827,-0.101395071,-0.055661399,-0.044465981,0.047844443,0.012988369,-0.029205738,-0.110490769,-0.105544128,-0.013620256,0.113155276,0.153155297,0.100476012,0.032162022,-0.03717747,0.072491176,0.133504316,-0.0326421,0.043506522,0.164951488,0.005402359,-0.038500391,-0.031051692,-0.108614698,-0.19369863,0.049787633,-0.093581244,-0.014219146
51,-0.024230691,-0.265055329,0.162880003,-0.189871743,-0.105980292,0.135559887,-0.111336738,-0.128558025,-0.186107129,0.247023419,0.027246732,0.085264973,0.182399184,-0.21375604,-0.200365141,0.420099556,0.16956374,-0.426634222,0.106981106,-0.068414539,0.301343113,0.001975828,-0.062311016,0.058243092,0.043271255,0.061684918,-0.006341458,-0.07443554,0.048825894,0.000634984,0.119078517,0.281508297,-0.007289916,-0.219052866,-0.14116779,0.059561417,-0.202107862,-0.403793514,0.088583969,-0.239047274,-0.211575031,0.011694628,0.101356462,0.048059072,0.13680099,0.191372186,0.098391853,-0.239709705,0.010128652,-0.335212052,-0.13769342,-0.228227168,-0.0063475,0.141468689,-0.05664343,0.236086786,-0.286430329,0.394572914,0.161637634,-0.105227739,0.218314245,-0.066332497,0.064428404,0.195229292,-0.210333198,-0.034266707,0.369410157,-0.093698412,0.012512611,0.14814797,-0.338737994,-0.325606436,0.158512548,-0.170567796,0.211574465,0.158481643,0.290774196,0.002813605,0.100311048,-0.049942911,-0.196608558,0.157539144,-0.21839954,0.414956838,-0.109263159,-0.018420678,-0.446602851,0.148694888,-0.199492812,-0.100584641,-0.286423862,0.088196911,-0.310634375,-0.082649246,-0.192123741,-0.186513335,-0.122321337,-0.252061397,0.056344457,-0.092417181,-0.309644729,-0.123425081,0.061777726,0.01173184,0.254309326,0.091888428,-0.238392398,-0.249093086,-0.066409513,-0.177364528,0.279591054,0.309834808,0.057555228,-0.073113345,-0.2520625,0.071164317,0.292319,-0.022834508,-0.036143091,0.000264078,-0.089350693,0.001394515,-0.067736268,-0.231600747,0.009334765,-0.012702284,-0.123601429,-0.254768103
52,-0.478600562,-0.769184053,1.028814673,0.193913832,0.031133926,0.657400548,-0.390982866,-0.055763226,0.030871872,0.035367217,-0.375051618,0.176996127,0.606477618,-0.583389461,-0.985634446,1.867936134,-0.018781852,-0.449878603,0.287812263,-0.327222914,1.050588965,0.214415073,0.324076325,-0.865952075,0.745683968,0.639874935,0.378154784,-0.223500133,-0.225998372,-1.109234214,0.138736933,0.332722574,-0.486848593,-1.032017112,-0.583274961,-0.248560116,-0.380128622,-1.031037331,0.197822526,-1.337797999,-0.530098557,-0.111254275,1.03179419,-0.62752974,0.449283093,0.155075699,-0.152569413,-0.68259424,-0.35093978,-0.871309698,-1.438894987,-0.949347019,-0.492847919,0.637129724,0.478082448,1.22243154,-0.38689068,0.732291877,0.290159255,-0.04654707,1.149588346,-0.537319422,0.369468838,0.823527575,-0.623879015,0.352400392,1.262249231,-0.589025021,-1.0376724,0.430601567,-0.857324421,0.099850707,0.11190293,-0.086893283,0.690770388,0.641560256,0.682565749,0.568925977,0.342689604,0.850485861,-0.451661468,0.963475883,-0.092029601,0.452137411,-0.532618225,0.684494853,-0.676052153,0.213384852,-0.888984382,-0.20700486,-0.641190052,0.266993463,-0.5678069,-0.117282465,-0.301577657,-0.34115079,0.71634078,-0.535929739,-0.074627995,-0.45440203,-0.557429373,-0.975555539,1.001036167,0.519896984,0.690846324,-0.028453039,-0.679057419,-0.991043448,-0.873443127,-0.577058733,0.092580758,0.691199541,0.903335869,-0.655689061,-0.71715337,0.312860787,0.270732135,0.641758978,0.180931523,0.454990387,-0.263238072,-0.544561505,-0.016912168,-0.698868036,-0.479218364,-0.706852257,-0.132646486,-1.117904782
53,-0.553890109,-0.192515373,2.266621113,-0.277894527,-0.531281948,0.59082818,-0.701898754,0.15978463,0.439576507,0.848594368,0.103821643,1.086344361,0.281160742,-0.578760028,-0.201132208,2.200686693,0.686421812,0.129321888,-0.764138699,-0.423268378,-0.076848425,0.617571115,-0.03138946,-1.154146433,1.511205912,1.175925255,0.018829234,0.576351583,-0.041972928,-1.743931532,0.731312752,0.720374227,-1.18457365,-1.922822118,-0.097020246,-0.660329461,0.088873848,-2.127372265,0.322662592,-0.994766355,0.070966832,-0.29566747,2.729347229,-1.660446882,0.751496315,0.718598127,0.881150901,-0.906453609,-1.161061406,-1.048169017,-2.466937304,-1.797013521,-0.511800885,1.60759604,0.309699386,2.1732831,-0.838916063,1.121140838,-0.184870407,-0.425257504,1.422839642,-1.298290372,1.182014942,1.087201476,-1.702527404,1.484602451,1.07868886,-1.33199501,-1.162452817,0.121773459,-2.001660585,-0.028208775,-0.042577833,0.973330736,1.333142281,0.266737312,1.046338201,0.518945515,0.8820737,1.187668204,-1.44033134,2.281427622,-0.369632632,1.458392739,-0.223770753,0.211384043,-1.247936606,-0.368611217,-0.563302815,0.391447604,-0.338665694,0.570799947,-1.604884982,-0.645525813,-0.946472406,-1.725854635,1.165841341,-0.91184932,-0.777490497,0.33599478,-0.862218201,-0.76159662,0.732676387,1.171960831,1.111934781,-0.344943136,-0.443791062,-1.05522728,-0.440760732,-0.714006722,0.409360975,1.478915572,0.988700807,-1.012726665,-1.817918658,0.782056868,0.427901089,2.177149296,0.560076177,0.962442994,-0.339876503,-1.264720321,0.666691482,-1.061171889,-0.543787003,-1.933580756,-0.125108287,-2.188867569
54,-0.713860393,-0.545427024,1.059763908,-0.280662924,-0.193158031,0.510160863,-0.75657028,0.027375482,0.04849926,0.215609699,-0.522555828,0.328263015,0.57214576,-1.014168859,-0.382399082,1.619209528,0.048932336,0.084840305,-0.022605266,-0.158793911,0.726980567,0.083289631,0.190390944,-0.964458585,0.799986064,0.828742206,-0.028635962,-0.276144981,-0.063714296,-1.299052835,0.185709789,0.44172439,-0.322356969,-0.847186804,-0.41318351,-0.72295171,-0.677214086,-0.940915167,0.260175556,-0.938619316,-0.574478686,-0.112486623,1.426435113,-0.751828134,0.740795732,0.276614815,0.652379513,-0.874749064,-0.712491393,-1.331421375,-1.936734676,-0.975019753,-0.638574958,0.681923032,0.119107217,0.986103535,-0.580444932,0.983231366,0.052671921,0.285808325,0.806593716,-0.624844551,1.062130094,0.803258121,-0.733972788,0.817503572,1.420654535,-0.564892232,-0.956887901,0.71953243,-1.295174003,-0.440216511,0.078211591,0.648374796,1.076753974,0.99419874,0.353646755,-0.036154255,0.307369232,1.091997147,-0.6625036,1.622476459,0.008298014,0.826587439,-0.168092653,0.275340378,-1.247393012,-0.202699751,-0.698512554,0.447716355,-0.559585214,0.581753194,-0.833361447,-0.464474291,-0.769891977,-1.203490019,1.067081451,-0.53335917,-0.544180453,-0.264616996,-0.939998507,-0.820655525,0.596974909,0.508666456,0.754121244,-0.4451814,-0.687058151,-1.542581797,-0.444672078,-0.826030552,0.586987913,0.585693479,1.045342326,-1.035084605,-0.763296902,0.96560818,0.830345035,1.160262227,0.162838489,1.058159947,-0.417872816,-0.349382341,-0.00210743,-0.731305063,-0.405105352,-0.488719106,-0.049066111,-1.420192122
55,-0.480379939,-0.943013132,1.436879039,-0.026750101,-0.177623197,0.873897195,-0.39089793,0.011099528,-0.230367348,0.055464275,-0.051776178,0.271367818,0.208966106,-0.289997041,-0.311541319,1.248505831,0.907298446,-0.008199675,-0.073928609,0.244677797,0.561103523,0.48763743,-0.179581821,-0.606831014,0.764927983,0.299851179,0.223220989,0.232895583,-0.001038998,-0.858137012,-0.250008911,0.622249186,-0.626356661,-1.021664619,-0.694584727,-0.692799568,-0.578835487,-0.50871706,-0.102755174,-0.802216589,-0.264088601,0.188675433,1.02295053,-0.431238979,1.073068738,0.9974612,0.040990859,-0.903907895,-0.764535427,-1.280521631,-1.821979284,-0.932309031,-0.22485441,0.52437973,0.10528893,0.382391512,-0.43163988,0.813335061,0.291209668,-0.218617111,0.445814878,-0.608146846,0.49658671,0.676276088,-0.858548403,0.31799227,1.095256329,-0.07456442,-0.692137659,0.129137635,-0.997829854,-0.189577907,-0.08828605,0.202048033,0.680232644,0.936036289,0.838229835,-0.026793756,0.011450339,1.153795004,-1.076528907,0.876121283,-0.529455543,0.216786072,-0.291749507,0.210907727,-1.773234487,0.200033903,-0.478825718,0.374513894,-0.623852253,0.261658102,-1.051537156,-0.83434248,0.036149897,-0.785843253,0.478102773,-0.439961612,-0.769806385,-0.529177427,-0.588168263,-0.587497592,0.182942018,0.558086693,0.655510306,-0.764128506,-0.593108892,-1.180730939,-0.583232284,-0.663696051,0.68549031,1.363977194,0.999252021,-1.134365797,-0.448130041,0.556816339,1.05676353,0.696799576,0.291100353,-0.163639307,-0.363496959,-0.528192282,-0.18415904,-0.750519931,0.022128114,-0.727970362,-0.383797884,-1.021237731
56,-0.87543118,-0.242498279,1.990823984,-0.91756469,0.086726435,1.388424993,-1.205816269,-0.169864655,0.011032464,-0.111546122,-0.180620179,0.777356505,0.031730276,-0.826440454,0.355939627,1.71094203,-0.002821981,0.347655773,1.26677525,-0.65478301,0.470096111,0.401444525,0.251109809,-0.994262695,1.102118015,1.691091657,0.190825596,0.150851712,-1.055268764,-0.891254246,0.542860985,0.288965195,-0.981075585,-1.504294991,-1.234180689,-0.354665816,-0.208724663,-1.221700191,-0.194869816,-1.100800514,-0.557691276,-0.339802086,3.031462669,-0.523506284,0.518966317,0.034462094,0.577289641,-0.466210365,-0.820963442,-1.478841424,-3.788515329,-1.324682951,-0.351976573,1.012846351,0.511214674,1.515055656,-0.615473032,1.629750252,0.255469978,0.658830523,0.569166303,-1.194583654,0.758750081,1.335200071,-0.294826835,1.819294214,1.827036738,-0.661671817,-1.102888346,1.469941974,-1.513826966,-0.007065245,-0.068101488,0.729004562,1.669310212,1.284401894,0.216097251,0.288478911,0.618862212,1.441881418,-1.093158245,1.884443045,-0.212239698,1.356242418,-0.704767883,0.601729631,-1.639829993,0.789173186,-0.241695717,-0.357148826,-0.430705458,-0.619695187,-1.291244268,-0.421318859,-0.277939647,-1.382001042,1.012321472,-2.224031448,-0.257476777,0.459837019,-0.824427903,-1.201397777,1.507282019,0.642206013,0.856648207,-0.349172175,-1.351552367,-2.139862776,-1.398494363,-0.137801364,-0.529178381,0.823466122,1.384745717,-0.650718093,-1.138664126,1.688732028,0.882363081,1.670155525,1.065642476,0.850920558,-0.003088089,-0.936949849,0.567168772,-1.817411184,-0.074645244,-0.426649243,0.572546065,-1.993372083
57,-0.006930001,-0.267250389,0.156075582,-0.164638609,-0.078720003,0.150146633,-0.117170833,-0.083976626,-0.170464858,0.243911907,0.009195147,0.051670671,0.222006157,-0.188812077,-0.205947399,0.416219443,0.165221453,-0.409414619,0.064012319,-0.060105525,0.305935711,0.024402777,-0.015429519,0.073774897,0.045780234,0.018529128,0.006494257,-0.086502433,0.03008127,-0.034179296,0.117227897,0.286697745,-0.015065639,-0.246573552,-0.118584014,0.073016107,-0.186727196,-0.402851403,0.081435144,-0.239098638,-0.256305456,-0.021465536,0.122618094,0.029069087,0.118904375,0.148913518,0.077326789,-0.206107423,0.02771627,-0.321693212,-0.125730261,-0.229785919,-0.040198356,0.112737983,-0.048733868,0.231133968,-0.223909825,0.35920465,0.167037264,-0.124528237,0.217046767,-0.09711685,0.022161033,0.199112654,-0.213573083,0.001957138,0.337412804,-0.123969615,0.006163499,0.154431835,-0.367141008,-0.302817822,0.198020667,-0.197099701,0.169274986,0.172545135,0.315360814,-0.018747607,0.137655124,-0.068685398,-0.177656487,0.138584644,-0.221495196,0.378862798,-0.122947887,0.034050189,-0.402701974,0.155603006,-0.179933131,-0.092407994,-0.249720305,0.08037293,-0.293586344,-0.075543545,-0.156368896,-0.170411423,-0.079490133,-0.235919803,0.037690833,-0.074979663,-0.296507537,-0.125628531,0.10679099,-0.006033855,0.282902569,0.084429502,-0.226158768,-0.192093238,-0.086560324,-0.205366001,0.294846117,0.337362498,0.052225709,-0.089976259,-0.201693594,0.032414231,0.273036331,0.009218238,-0.05611835,-0.023467258,-0.092770793,-0.004607493,-0.105166174,-0.179137394,0.008041703,-0.004077312,-0.09430404,-0.256124914
58,-0.059204306,-0.259965777,0.135601699,-0.076505102,-0.109562561,0.164006606,-0.139355823,-0.088737085,-0.138745874,0.158668026,-0.032724075,0.06377548,0.228635207,-0.233483315,-0.272686332,0.363408267,0.108553663,-0.386990577,0.068878941,-0.071233086,0.265032828,0.040860478,-0.041959304,0.035276204,0.052158576,0.003305427,-0.012478401,-0.114132717,0.027122969,-0.072919644,0.115290791,0.293210089,0.019474177,-0.154077381,-0.091017202,0.006284408,-0.150586024,-0.349595368,0.091448434,-0.203931883,-0.302660137,-0.039104123,0.140318826,0.000750214,0.074157931,0.106954679,0.070993505,-0.227839455,0.003424592,-0.238045439,-0.09040387,-0.303357154,-0.083142675,0.1145496,0.01270512,0.230315417,-0.252755105,0.291020483,0.16067633,-0.095273159,0.266505539,0.042773653,0.052208226,0.156292945,-0.202038288,-0.003845482,0.307507813,-0.17198503,-0.00754411,0.132021844,-0.370150208,-0.237733603,0.143250629,-0.180799842,0.108002298,0.199564815,0.298938721,-0.001090547,0.13269341,-0.092747301,-0.217928693,0.118092887,-0.191469684,0.412223846,-0.136444643,0.015549493,-0.283864141,0.083689608,-0.278172106,-0.057657901,-0.226850435,0.077965297,-0.333613425,-0.076988816,-0.209250644,-0.161033124,-0.016679,-0.198963583,0.045485716,-0.110287108,-0.275200099,-0.110663347,0.218199551,0.029049752,0.304056197,0.120802172,-0.243183374,-0.167771578,-0.032542374,-0.157182992,0.244762063,0.278015614,0.100211263,-0.047800977,-0.229098111,0.028830742,0.235028118,0.026079444,-0.067905828,0.094191745,-0.073148474,-0.004748368,-0.075415589,-0.182804957,-0.01700047,-0.055567261,-0.074675322,-0.238846406
59,-0.21607922,-0.298918128,0.258063048,0.133626819,-0.224784076,0.302057773,-0.37022987,-0.076389857,-0.2069107,0.001511554,-0.155722499,0.000160136,0.288447291,-0.309330881,-0.343178421,0.310175449,0.17261906,-0.149483845,0.367455274,0.074557699,0.233976319,0.089157909,-0.063251562,-0.185918912,0.07405813,0.075705975,0.074765533,-0.072715022,-0.17154105,-0.359223098,-0.061601475,0.421941429,-0.110490777,-0.107585765,-0.285869539,-0.26487273,-0.181571901,-0.165645048,0.001779736,-0.238374621,-0.450771093,-0.057743412,0.362086564,-0.098795399,0.080593869,0.129471868,-0.001254256,-0.222681239,-0.15935123,-0.330128998,-0.46176523,-0.471115857,-0.352028042,0.218676686,0.313230425,0.170553029,-0.303114176,0.398922205,0.101126045,0.059935823,0.238565758,0.026660994,-0.118918873,0.29873836,-0.084696673,0.082514271,0.441913754,-0.085641354,-0.13468881,0.134217754,-0.311044067,-0.036572929,0.237911567,-0.089089811,0.062771529,0.344281286,0.259055257,0.125841856,0.071099587,0.118416809,-0.415626615,0.200261399,-0.267708361,0.369205892,-0.19536294,0.118270092,-0.314545989,0.066608839,-0.492334485,0.121903203,-0.218942821,0.06922517,-0.343977302,-0.208980143,-0.059222803,-0.072431818,0.294024855,-0.248766467,-0.030778648,-0.176082537,-0.12356551,-0.088992663,0.50079757,0.159187198,0.40658313,-0.126254246,-0.334956408,-0.270828694,-0.164001763,-0.186858535,0.262666374,0.323195845,0.433220267,-0.108670272,0.050905101,0.113380931,0.207370877,0.177762851,-0.074580699,0.267586231,-0.148934513,-0.071412668,-0.124336876,-0.369715452,-0.117111906,-0.150887758,0.108659565,-0.299696237
